Probability,Senior Citizen,Married,Dependents,Number of Dependents,Referred a Friend,Number of Referrals,Tenure in Months,Phone Service,Multiple Lines,Internet Service,Internet Cable,Internet DSL,Internet Fiber Optic,Online Security,Online Backup,Device Protection Plan,Premium Tech Support,Streaming TV,Streaming Movies,Streaming Music,Unlimited Data,Contract Month to Month,Contract One Year,Contract Two Year,Paperless Billing,Bank Withdrawal,Credit Card,Mailed Check,Avg Monthly Long Distance Charges,Avg Monthly GB Download,Monthly Charge,Total Charges,Total Refunds,Total Extra Data Charges,Total Long Distance Charges,Total Revenue,CLTV,Satisfaction Score
0.0014,0,1,1,1,1,3,69,0,0,1,0,1,0,1,0,1,1,0,0,0,1,0,0,1,0,0,1,0,0.0,11,39.1,2779.5,0.0,0,0.0,2779.5,5987,3
0.1,0,0,0,0,0,0,58,1,0,1,0,0,1,1,1,0,0,1,1,1,1,0,1,0,0,1,0,0,32.67,14,99.15,5720.95,0.0,0,1894.86,7615.81,6409,3
0.0659,0,0,0,0,0,0,5,1,0,0,0,0,0,0,0,0,0,0,0,0,0,1,0,0,0,0,1,0,34.26,0,21.05,113.85,0.0,0,171.29999999999998,285.15,2604,3
0.0006,0,0,0,0,0,0,47,1,0,0,0,0,0,0,0,0,0,0,0,0,0,0,0,1,1,0,1,0,44.69,0,20.55,945.7,0.0,0,2100.43,3046.13,5404,4
0.0003,0,1,0,0,1,9,70,1,1,1,0,0,1,0,0,1,1,1,1,1,0,0,0,1,1,1,0,0,5.46,30,104.3,7188.5,0.0,30,382.2,7600.7,5583,4
0.9994,1,0,0,0,0,0,1,1,0,1,0,0,1,0,1,0,0,0,0,0,1,1,0,0,1,1,0,0,20.55,5,73.0,73.0,0.0,0,20.55,93.55,4116,1
0.9995,0,0,0,0,0,0,1,1,0,1,0,0,1,0,0,0,0,0,0,0,1,1,0,0,0,0,0,1,39.81,23,70.9,70.9,0.0,0,39.81,110.71,4739,1
0.0006,0,0,0,0,0,0,2,1,0,1,0,1,0,0,0,0,0,0,0,0,0,1,0,0,0,1,0,0,41.9,71,45.55,84.4,0.0,10,83.8,178.2,4372,5
0.0001,0,1,0,0,1,3,72,0,0,1,0,1,0,0,1,1,1,1,1,1,1,0,0,1,1,1,0,0,0.0,16,60.0,4264.0,25.67,0,0.0,4238.33,5471,4
0.9996,0,0,0,0,0,0,1,1,0,1,0,1,0,0,0,0,0,1,0,0,1,1,0,0,1,0,0,1,14.58,73,53.5,53.5,0.0,0,14.58,68.08,5094,1
0.9993,0,0,0,0,0,0,1,1,0,1,0,1,0,0,0,0,0,0,0,0,1,1,0,0,1,1,0,0,11.73,24,45.6,45.6,0.0,0,11.73,57.33,3037,1
0.4218,0,0,1,2,0,0,1,1,0,0,0,0,0,0,0,0,0,0,0,0,0,1,0,0,0,0,1,0,29.1,0,19.85,19.85,0.0,0,29.1,48.95,4840,3
0.0003,0,0,0,0,0,0,6,1,0,1,1,0,0,0,1,0,0,1,0,0,1,1,0,0,0,1,0,0,10.88,8,59.45,357.6,0.0,0,65.28,422.88,2393,4
0.0001,0,1,1,1,1,3,15,1,0,0,0,0,0,0,0,0,0,0,0,0,0,1,0,0,0,0,1,0,37.9,0,20.05,284.3,0.0,0,568.5,852.8,3591,4
0.0056,0,1,0,0,1,7,56,1,1,1,0,0,1,1,0,0,0,1,1,1,1,0,1,0,1,1,0,0,46.9,48,100.55,5514.95,0.0,0,2626.4,8141.35,4847,3
0.9988,1,1,0,0,1,3,37,1,1,1,0,0,1,0,0,0,0,1,1,1,1,1,0,0,1,1,0,0,49.37,4,92.5,3473.4,0.0,0,1826.69,5300.09,4127,1
0.999,0,1,0,0,1,1,41,1,1,1,0,0,1,1,1,1,1,1,1,1,1,1,0,0,1,1,0,0,5.01,10,113.6,4594.95,0.0,0,205.41,4800.36,4963,1
0.0004,0,1,1,3,1,8,9,1,1,1,0,0,1,0,1,1,0,1,1,1,1,1,0,0,1,0,1,0,23.42,30,102.6,897.75,0.0,0,210.78000000000003,1108.53,4062,5
0.0,0,1,1,1,1,6,25,1,0,1,0,1,0,1,0,0,1,0,0,0,1,1,0,0,0,1,0,0,37.97,22,54.3,1296.8,0.0,0,949.25,2246.05,3971,4
0.0006,0,1,1,2,1,7,13,1,0,0,0,0,0,0,0,0,0,0,0,0,0,0,1,0,0,0,1,0,4.26,0,20.0,218.55,0.0,0,55.38,273.93,5651,3
0.0001,0,1,1,1,1,5,40,1,0,1,0,0,1,0,0,1,0,1,0,0,1,0,1,0,1,1,0,0,14.41,22,85.05,3355.65,38.15,0,576.4,3893.9,5904,4
0.9997,0,0,0,0,0,0,1,1,0,1,0,0,1,0,0,0,0,0,0,0,1,1,0,0,1,1,0,0,49.24,8,69.65,69.65,0.0,0,49.24,118.89,2418,2
0.1945,0,0,0,0,0,0,19,1,0,1,0,0,1,0,1,0,0,0,0,0,0,1,0,0,1,0,1,0,1.79,14,73.85,1424.5,0.0,130,34.01,1588.51,2251,3
0.0008,0,0,0,0,0,0,14,1,0,0,0,0,0,0,0,0,0,0,0,0,0,1,0,0,1,1,0,0,9.19,0,20.05,299.3,0.0,0,128.66,427.96,5728,5
0.0007,0,0,0,0,0,0,3,1,0,1,0,0,1,1,0,0,1,0,0,0,0,1,0,0,1,0,1,0,44.97,16,82.3,214.4,0.0,20,134.91,369.31,5755,4
0.004,0,0,0,0,0,0,51,1,0,1,0,0,1,1,0,0,0,1,0,0,1,0,1,0,0,0,1,0,27.3,13,86.35,4267.15,0.0,0,1392.3,5659.45,5311,3
0.0004,0,0,0,0,0,0,32,1,1,1,0,0,1,0,1,1,0,1,1,1,1,0,1,0,1,0,1,0,14.21,28,104.05,3416.85,0.0,0,454.72,3871.57,2335,4
0.9988,0,0,0,0,0,0,32,1,1,1,0,0,1,1,1,0,1,1,1,1,1,1,0,0,1,0,1,0,27.69,73,108.15,3432.9,0.0,0,886.08,4318.9800000000005,2541,1
0.0,0,1,1,2,1,6,19,1,0,0,0,0,0,0,0,0,0,0,0,0,0,1,0,0,0,0,0,1,46.91,0,20.2,382.2,0.0,0,891.29,1273.49,3636,4
0.0011,0,1,0,0,1,7,36,0,0,1,0,1,0,1,0,1,1,1,1,1,1,0,1,0,0,0,1,0,0.0,24,60.7,2234.55,0.0,0,0.0,2234.55,3671,3
0.0009,0,0,0,0,0,0,12,1,1,1,0,0,1,0,0,0,0,0,1,1,0,1,0,0,1,1,0,0,18.75,25,86.55,1066.9,0.0,110,225.0,1401.9,2061,5
0.0004,0,0,0,0,0,0,22,1,1,1,0,0,1,0,1,0,0,0,0,0,0,1,0,0,1,0,1,0,30.35,10,78.85,1600.25,0.0,50,667.7,2317.95,2444,5
0.9996,0,1,0,0,1,1,47,1,1,1,0,0,1,0,0,1,1,1,1,1,1,1,0,0,1,1,0,0,37.74,7,107.35,5118.95,0.0,0,1773.7800000000002,6892.73,3620,2
0.0004,0,0,0,0,0,0,43,1,0,1,0,1,0,0,1,0,1,0,0,0,0,0,1,0,0,1,0,0,1.6,19,55.45,2444.25,0.0,130,68.8,2643.05,3350,4
0.0001,0,1,1,3,1,6,54,1,1,1,1,0,0,1,0,0,1,0,0,0,1,0,0,1,0,1,0,0,8.53,73,60.0,3273.95,0.0,0,460.62,3734.57,4798,3
0.0009,0,0,0,0,0,0,1,1,0,0,0,0,0,0,0,0,0,0,0,0,0,1,0,0,0,0,0,1,10.21,0,20.9,20.9,0.0,0,10.21,31.11,3901,5
0.4907,0,1,0,0,1,1,20,0,0,1,0,1,0,0,0,0,0,0,0,0,1,1,0,0,1,1,0,0,0.0,10,24.45,482.8,0.0,0,0.0,482.8,3298,3
0.9989,0,0,0,0,0,0,29,0,0,1,1,0,0,0,0,0,0,0,0,0,1,1,0,0,1,0,1,0,0.0,22,25.1,712.85,0.0,0,0.0,712.85,2796,1
0.9995,0,0,0,0,0,0,4,1,0,1,0,0,1,0,0,1,0,0,0,0,1,1,0,0,1,1,0,0,33.65,30,73.9,280.85,0.0,0,134.6,415.4500000000001,4479,1
0.1587,0,0,0,0,0,0,35,1,1,1,0,0,1,0,0,1,1,1,0,0,1,1,0,0,0,1,0,0,45.62,59,95.5,3418.2,0.0,0,1596.6999999999998,5014.9,3715,3
0.0002,0,1,1,2,1,1,70,0,0,1,1,0,0,0,1,1,1,1,1,1,1,0,1,0,1,1,0,0,0.0,19,58.4,4113.15,32.53,0,0.0,4080.619999999999,4117,5
0.9995,0,1,0,0,1,1,11,1,0,1,0,1,0,0,0,0,0,0,0,0,1,1,0,0,1,1,0,0,24.83,30,44.05,483.7,0.0,0,273.13,756.8299999999999,3200,1
0.0009,0,0,0,0,0,0,22,1,1,1,0,0,1,0,0,0,0,0,1,1,1,1,0,0,0,1,0,0,11.46,16,83.05,1799.3,0.0,0,252.12,2051.42,5357,4
0.0002,0,1,0,0,1,2,30,1,0,0,0,0,0,0,0,0,0,0,0,0,0,0,1,0,0,0,1,0,22.89,0,20.7,587.1,0.0,0,686.7,1273.8000000000002,2492,5
0.0001,1,0,1,1,0,0,11,1,0,1,1,0,0,0,1,0,1,0,0,0,1,0,0,1,1,1,0,0,11.86,23,54.55,601.25,0.0,0,130.45999999999998,731.71,4143,4
0.0003,0,1,0,0,1,4,70,1,1,1,0,0,1,1,1,1,0,1,1,1,1,0,1,0,1,0,1,0,5.77,48,108.15,7930.55,0.0,0,403.9,8334.45,5192,4
0.0002,0,0,0,0,0,0,37,1,1,1,0,1,0,1,1,1,1,1,0,0,0,1,0,0,1,0,1,0,42.41,4,78.9,2976.95,0.0,30,1569.1699999999998,4576.12,3801,4
0.0002,0,0,0,0,0,0,16,1,0,0,0,0,0,0,0,0,0,0,0,0,0,0,1,0,0,0,1,0,41.51,0,19.05,326.65,0.0,0,664.16,990.81,4336,5
0.0003,1,1,0,0,1,2,65,1,0,1,0,0,1,1,1,1,0,0,1,1,1,0,1,0,0,1,0,0,38.32,25,94.4,6126.15,0.0,0,2490.8,8616.95,5348,4
0.0,0,1,1,3,1,9,15,1,0,0,0,0,0,0,0,0,0,0,0,0,0,0,1,0,1,0,1,0,49.36,0,19.5,239.75,0.0,0,740.4,980.15,5471,4
0.9987,0,0,0,0,0,0,15,1,0,1,0,1,0,0,0,1,0,0,1,1,1,1,0,0,1,1,0,0,36.34,48,59.45,892.65,0.0,0,545.1,1437.75,5129,1
0.8319,1,1,0,0,1,1,1,1,0,0,0,0,0,0,0,0,0,0,0,0,0,1,0,0,1,0,1,0,22.86,0,20.85,20.85,0.0,0,22.86,43.71,3817,3
0.0002,0,1,1,3,1,10,67,1,1,1,0,0,1,1,0,0,1,1,1,1,1,0,0,1,0,1,0,0,11.31,57,104.6,6885.75,0.0,0,757.77,7643.52,4743,3
0.9992,1,0,0,0,0,0,2,1,0,1,0,1,0,1,0,0,0,0,0,0,1,1,0,0,1,1,0,0,43.99,27,49.25,91.1,0.0,0,87.98,179.07999999999998,3475,2
0.0002,0,0,1,1,0,0,64,1,0,1,0,0,1,0,1,0,1,1,1,1,1,1,0,0,1,0,1,0,22.41,24,99.15,6171.2,0.0,0,1434.24,7605.44,4590,5
0.2704,0,1,0,0,1,1,41,1,0,1,0,1,0,0,1,0,1,0,1,1,1,0,1,0,1,1,0,0,32.02,28,66.5,2728.6,0.0,0,1312.8200000000002,4041.42,2517,3
0.9675,0,1,0,0,1,1,2,1,0,1,0,0,1,0,0,0,0,0,0,0,0,1,0,0,1,1,0,0,7.7,22,70.35,120.25,0.0,20,15.4,155.65,4917,3
0.0002,0,0,0,0,0,0,6,1,0,0,0,0,0,0,0,0,0,0,0,0,0,1,0,0,0,0,1,0,43.18,0,20.2,123.65,0.0,0,259.08,382.73,5029,5
0.0002,0,1,1,2,1,6,38,1,0,0,0,0,0,0,0,0,0,0,0,0,0,1,0,0,0,0,1,0,2.86,0,20.45,781.25,0.0,0,108.68,889.93,5587,4
0.0003,0,1,0,0,1,3,15,1,0,0,0,0,0,0,0,0,0,0,0,0,0,1,0,0,0,0,1,0,12.41,0,20.45,330.8,0.0,0,186.15,516.95,5184,4
0.0728,0,0,0,0,0,0,4,1,0,1,1,0,0,0,1,0,0,0,0,0,1,1,0,0,0,0,0,1,38.01,5,49.25,208.45,0.0,0,152.04,360.49,3272,3
0.0003,0,1,0,0,1,1,71,1,1,1,0,0,1,1,1,1,1,1,1,1,0,0,0,1,1,1,0,0,33.83,27,116.1,8310.55,0.0,130,2401.93,10842.48,5027,4
0.4341,0,0,1,3,0,0,1,1,0,0,0,0,0,0,0,0,0,0,0,0,0,1,0,0,0,0,1,0,11.91,0,19.75,19.75,0.0,0,11.91,31.66,2611,3
0.4055,0,0,0,0,0,0,1,1,0,0,0,0,0,0,0,0,0,0,0,0,0,1,0,0,1,0,0,1,26.37,0,20.3,20.3,0.0,0,26.37,46.67,3830,3
0.0007,0,1,1,2,1,10,19,1,1,1,0,1,0,0,0,0,0,0,0,0,0,1,0,0,0,0,1,0,9.47,13,50.1,910.45,0.0,120,179.93,1210.38,5749,5
0.9984,0,0,0,0,0,0,15,1,1,1,0,1,0,1,0,0,0,0,1,1,1,1,0,0,1,1,0,0,47.57,26,64.65,994.55,0.0,0,713.55,1708.1,4780,1
0.0015,0,0,1,1,0,0,13,1,0,1,0,1,0,1,1,0,0,0,0,0,1,1,0,0,1,1,0,0,27.04,10,56.0,764.55,0.0,0,351.52,1116.07,5156,3
0.9994,0,0,0,0,0,0,41,1,1,1,0,0,1,0,1,1,0,1,1,1,0,1,0,0,1,1,0,0,10.43,22,106.3,4443.45,0.0,130,427.63,5001.08,5383,2
0.9996,0,1,0,0,1,1,11,1,1,1,0,0,1,0,0,0,0,1,1,1,1,1,0,0,1,1,0,0,25.67,18,94.0,1078.9,0.0,0,282.37,1361.27,2120,1
0.0008,0,1,1,3,1,8,61,0,0,1,0,1,0,0,1,1,1,1,1,1,1,0,0,1,1,1,0,0,0.0,26,61.45,3751.15,0.0,0,0.0,3751.15,5063,3
0.8837,1,1,0,0,0,0,32,1,1,1,0,0,1,0,0,0,0,1,0,0,1,1,0,0,1,0,1,0,48.95,9,85.95,2628.6,0.0,0,1566.4,4195.0,2431,3
0.0007,1,1,0,0,1,1,48,1,1,1,0,0,1,0,0,1,0,0,1,1,1,0,0,1,1,0,1,0,25.19,22,91.05,4370.75,0.0,0,1209.12,5579.87,3594,4
0.0197,0,0,1,3,0,0,23,1,0,0,0,0,0,0,0,0,0,0,0,0,0,0,1,0,0,0,1,0,1.2,0,19.8,465.45,0.0,0,27.6,493.05,3058,3
0.0001,0,1,0,0,1,3,50,0,0,1,0,1,0,1,0,0,1,1,0,0,1,0,1,0,1,1,0,0,0.0,73,44.45,2188.45,0.0,0,0.0,2188.45,5363,4
0.0058,0,1,0,0,1,1,43,1,1,1,0,1,0,1,1,0,1,0,0,0,1,1,0,0,0,1,0,0,26.1,17,66.25,2907.35,6.41,0,1122.3,4023.24,2168,3
0.9967,0,1,0,0,1,1,66,1,1,1,0,0,1,0,1,0,1,1,1,1,1,0,1,0,1,1,0,0,20.07,85,104.05,6890.0,0.0,0,1324.62,8214.62,5504,2
0.0002,0,1,0,0,1,5,64,1,1,1,0,0,1,0,1,0,1,1,1,1,1,0,0,1,1,1,0,0,40.18,30,105.25,6823.4,23.67,0,2571.52,9371.25,5682,4
0.0001,0,1,1,3,1,2,48,1,0,0,0,0,0,0,0,0,0,0,0,0,0,0,0,1,0,0,1,0,9.77,0,20.0,935.9,0.0,0,468.96,1404.86,2608,5
0.0015,0,0,0,0,0,0,54,0,0,1,0,1,0,1,1,0,0,0,1,1,1,0,0,1,0,1,0,0,0.0,7,46.2,2431.95,0.0,0,0.0,2431.95,6143,3
0.4809,0,0,0,0,0,0,5,1,0,1,0,0,1,0,0,0,0,1,0,0,1,1,0,0,1,0,1,0,12.35,13,80.1,398.55,0.0,0,61.75,460.3,5225,3
0.0006,0,0,0,0,0,0,4,1,0,0,0,0,0,0,0,0,0,0,0,0,0,1,0,0,1,1,0,0,6.88,0,19.85,63.0,0.0,0,27.52,90.52,5918,5
0.0002,0,1,1,3,1,3,72,0,0,1,0,1,0,1,0,1,1,1,0,0,1,0,0,1,0,0,0,1,0.0,53,48.9,3527.0,34.44,0,0.0,3492.56,5415,3
0.0002,0,1,0,0,1,6,24,0,0,1,0,1,0,1,1,1,0,1,1,1,1,0,1,0,0,1,0,0,0.0,27,57.6,1367.75,0.0,0,0.0,1367.75,5623,4
0.9991,0,0,0,0,0,0,9,1,1,1,0,0,1,0,0,0,0,0,0,0,1,1,0,0,1,1,0,0,16.48,12,74.75,706.6,0.0,0,148.32,854.9200000000001,5003,2
0.0243,0,0,1,2,0,0,21,1,0,0,0,0,0,0,0,0,0,0,0,0,0,1,0,0,0,0,1,0,8.68,0,20.75,452.2,0.0,0,182.28,634.48,2143,3
0.1048,0,1,1,1,1,1,56,0,0,1,0,1,0,0,1,1,0,0,0,0,0,0,1,0,1,0,1,0,0.0,28,36.1,1971.5,0.0,60,0.0,2031.5,5092,3
0.9992,1,0,0,0,0,0,6,1,0,1,0,0,1,0,0,1,0,0,0,0,0,1,0,0,0,1,0,0,8.91,27,74.4,434.1,0.0,20,53.46,507.56,3964,1
0.0732,0,1,0,0,0,0,58,1,0,1,0,1,0,1,1,0,0,1,0,0,0,1,0,0,1,0,1,0,40.16,20,65.25,3791.6,0.0,110,2329.28,6230.879999999999,5912,3
0.0002,0,0,0,0,0,0,28,1,0,1,1,0,0,0,1,0,1,0,0,0,1,1,0,0,0,1,0,0,25.59,7,54.65,1517.5,0.0,0,716.52,2234.02,3185,5
0.0005,0,0,0,0,0,0,1,1,0,0,0,0,0,0,0,0,0,0,0,0,0,1,0,0,0,0,1,0,11.96,0,19.8,19.8,0.0,0,11.96,31.76,3129,5
0.0171,0,0,0,0,0,0,36,1,1,1,0,1,0,0,0,1,0,0,0,0,0,0,1,0,0,1,0,0,46.92,5,55.8,1941.5,0.0,70,1689.12,3700.62,4770,3
0.9982,0,0,0,0,0,0,4,1,0,1,0,0,1,0,0,1,1,1,1,1,1,1,0,0,1,1,0,0,5.63,18,98.1,396.3,0.0,0,22.52,418.82,2895,1
0.0002,0,0,0,0,0,0,68,1,1,1,0,0,1,1,1,1,0,1,0,0,1,0,1,0,0,1,0,0,11.22,7,101.35,7110.75,0.0,0,762.96,7873.71,4941,4
0.0005,0,1,1,3,1,4,1,1,0,0,0,0,0,0,0,0,0,0,0,0,0,1,0,0,0,1,0,0,6.86,0,20.0,20.0,0.0,0,6.86,26.86,2358,4
0.0002,0,0,1,2,0,0,65,0,0,1,0,1,0,0,1,0,1,1,0,0,1,0,0,1,0,0,1,0,0.0,25,45.25,2933.95,0.0,0,0.0,2933.95,5712,5
0.0003,0,1,0,0,1,5,34,1,1,0,0,0,0,0,0,0,0,0,0,0,0,1,0,0,0,1,0,0,11.52,0,24.7,780.2,0.0,0,391.68,1171.88,3421,4
0.8948,0,1,0,0,1,1,9,1,0,1,0,0,1,0,0,1,0,0,0,0,1,1,0,0,1,1,0,0,31.75,25,75.75,655.9,0.0,0,285.75,941.65,5105,3
0.0005,0,1,1,1,1,7,69,0,0,1,0,1,0,1,0,1,0,0,1,1,1,0,0,1,1,0,1,0,0.0,59,43.95,2960.1,0.0,0,0.0,2960.1,4479,3
0.0006,0,0,0,0,0,0,5,1,1,1,1,0,0,0,1,0,0,0,1,1,1,1,0,0,1,1,0,0,44.78,29,64.0,370.25,0.0,0,223.9,594.15,4421,5
0.0007,0,0,0,0,0,0,42,1,1,1,0,0,1,0,0,0,1,1,1,1,1,1,0,0,1,1,0,0,25.69,13,100.3,4222.95,0.0,0,1078.98,5301.93,3286,5
0.8208,0,0,0,0,0,0,1,1,1,1,1,0,0,0,0,0,0,0,0,0,1,1,0,0,1,1,0,0,28.25,9,50.45,50.45,0.0,0,28.25,78.7,2928,3
0.9997,0,0,0,0,0,0,1,1,0,1,1,0,0,0,0,1,0,0,0,0,1,1,0,0,0,1,0,0,7.26,9,76.35,76.35,0.0,0,7.26,83.61,5613,2
0.0005,0,0,0,0,0,0,45,1,0,0,0,0,0,0,0,0,0,0,0,0,0,0,1,0,0,1,0,0,40.59,0,18.85,867.3,0.0,0,1826.55,2693.8500000000004,2653,4
0.0011,0,1,0,0,1,1,7,1,0,0,0,0,0,0,0,0,0,0,0,0,0,0,1,0,0,0,0,1,21.09,0,20.65,150.0,0.0,0,147.63,297.63,2874,5
0.0003,0,0,0,0,0,0,41,1,0,1,1,0,0,0,0,0,1,0,0,0,1,0,1,0,0,1,0,0,12.42,12,50.05,2029.05,0.0,0,509.22,2538.27,2157,5
0.9998,1,1,0,0,1,1,1,1,0,1,0,0,1,0,0,0,0,0,0,0,1,1,0,0,1,1,0,0,37.3,8,69.25,69.25,0.0,0,37.3,106.55,4568,1
0.0261,1,0,0,0,0,0,4,1,1,1,0,0,1,0,0,0,0,0,0,0,1,0,0,1,1,1,0,0,4.29,7,74.45,294.45,0.0,0,17.16,311.61,4093,3
0.0295,0,1,0,0,1,9,42,1,1,1,0,0,1,1,0,1,0,0,1,1,1,1,0,0,1,1,0,0,41.16,11,94.4,4014.6,0.0,0,1728.7199999999998,5743.32,2662,3
0.0002,0,1,1,2,1,3,57,1,0,1,0,0,1,0,1,0,0,1,1,1,1,0,1,0,1,1,0,0,42.18,22,95.0,5535.8,0.0,0,2404.26,7940.06,6245,5
0.0002,0,0,0,0,0,0,1,1,1,0,0,0,0,0,0,0,0,0,0,0,0,1,0,0,1,0,1,0,15.22,0,25.75,25.75,0.0,0,15.22,40.97,2569,4
0.0008,0,0,0,0,0,0,12,1,0,1,0,1,0,0,0,0,0,0,0,0,1,1,0,0,0,1,0,0,6.56,17,43.8,540.95,0.0,0,78.72,619.6700000000001,5706,4
0.0002,1,0,0,0,0,0,17,1,0,1,0,0,1,0,1,1,0,1,1,0,0,0,0,1,1,1,0,0,17.26,25,101.8,1752.45,27.15,90,293.42,2108.72,3296,4
0.9997,0,0,0,0,0,0,1,1,0,1,0,0,1,0,0,1,0,0,0,0,1,1,0,0,0,1,0,0,26.06,3,75.3,75.3,0.0,0,26.06,101.36,2176,1
0.1842,1,1,0,0,1,1,44,1,1,1,1,0,0,0,1,0,0,0,1,1,1,0,1,0,0,0,1,0,24.62,14,88.4,3912.9,0.0,0,1083.28,4996.18,2674,3
0.0004,0,1,1,1,1,4,12,0,0,1,0,1,0,0,0,0,1,0,0,0,1,0,1,0,0,0,1,0,0.0,22,30.25,368.85,0.0,0,0.0,368.85,5988,4
0.0004,0,1,0,0,1,3,20,1,0,1,0,1,0,1,0,0,1,0,1,1,0,0,1,0,1,0,1,0,33.78,18,64.15,1274.45,0.0,100,675.6,2050.05,5969,4
0.6208,0,0,0,0,0,0,26,1,0,1,0,0,1,0,0,1,1,1,1,1,1,1,0,0,1,1,0,0,37.0,76,98.65,2537.0,0.0,0,962.0,3499.0,4191,3
0.01,0,1,0,0,1,4,24,0,0,1,0,1,0,0,0,1,0,0,0,0,1,1,0,0,0,1,0,0,0.0,51,29.1,688.0,0.0,0,0.0,688.0,4636,3
0.9982,1,0,0,0,0,0,11,1,0,1,0,0,1,0,0,0,0,1,1,0,1,1,0,0,0,1,0,0,3.96,27,89.7,1047.7,0.0,0,43.56,1091.26,2202,2
0.0001,0,1,1,1,1,6,63,1,0,1,0,1,0,1,0,0,0,0,0,0,1,0,0,1,1,1,0,0,25.32,11,50.65,3221.25,37.04,0,1595.16,4779.37,4847,3
0.0001,0,1,1,1,1,4,66,1,0,0,0,0,0,0,0,0,0,0,0,0,0,0,0,1,0,0,1,0,7.83,0,20.0,1374.2,0.0,0,516.78,1890.98,5011,3
0.0001,0,1,1,1,1,5,1,1,0,1,0,0,1,0,1,0,0,0,0,0,1,1,0,0,0,0,1,0,42.99,59,74.6,74.6,0.0,0,42.99,117.59,5494,5
0.0015,0,1,0,0,1,5,40,1,0,1,0,0,1,0,1,1,0,0,0,0,1,0,1,0,0,1,0,0,12.97,24,80.8,3132.75,0.0,0,518.8000000000001,3651.55,3387,3
0.0022,0,0,1,3,0,0,50,0,0,1,0,1,0,1,1,0,0,1,0,0,1,0,1,0,1,1,0,0,0.0,76,43.05,2208.05,0.0,0,0.0,2208.05,5409,3
0.0002,1,1,0,0,1,5,49,1,1,1,0,0,1,1,1,1,0,0,0,0,1,0,1,0,1,1,0,0,26.0,16,88.2,4159.45,0.0,0,1274.0,5433.45,5987,4
0.001,0,1,1,1,1,2,14,1,0,0,0,0,0,0,0,0,0,0,0,0,0,0,1,0,1,0,1,0,41.05,0,19.5,272.0,0.0,0,574.6999999999999,846.6999999999999,2993,3
0.0008,0,0,0,0,0,0,10,1,1,1,0,0,1,0,0,0,0,0,0,0,1,1,0,0,0,1,0,0,17.98,26,75.05,786.3,0.0,0,179.8,966.1,3399,4
0.0004,0,1,0,0,0,0,57,1,1,1,0,0,1,1,0,0,0,1,1,1,1,1,0,0,1,1,0,0,12.19,16,99.65,5497.05,0.0,0,694.8299999999999,6191.88,5106,4
0.9998,0,0,0,0,0,0,1,0,0,1,0,1,0,0,0,0,0,0,1,1,1,1,0,0,1,1,0,0,0.0,9,35.25,35.25,0.0,0,0.0,35.25,2548,2
0.9998,0,0,0,0,0,0,2,1,1,1,1,0,0,0,0,0,0,0,0,1,1,1,0,0,1,1,0,0,24.83,52,49.4,106.55,0.0,0,49.66,156.20999999999998,5115,1
0.0008,0,1,0,0,1,1,42,0,0,1,0,1,0,1,0,0,0,1,0,0,1,1,0,0,1,1,0,0,0.0,7,40.15,1626.05,0.0,0,0.0,1626.05,4348,4
0.0003,0,0,0,0,0,0,12,1,0,1,0,1,0,0,1,0,0,0,0,0,1,1,0,0,1,1,0,0,44.78,12,49.05,593.05,29.32,0,537.36,1101.09,4244,5
0.0337,0,0,0,0,0,0,10,1,0,0,0,0,0,0,0,0,0,0,0,0,0,0,1,0,1,0,1,0,2.84,0,19.8,198.25,0.0,0,28.4,226.65,5270,3
0.0001,0,1,1,3,1,7,35,1,0,0,0,0,0,0,0,0,0,0,0,0,0,0,0,1,0,0,1,0,11.75,0,20.1,655.3,38.61,0,411.25,1027.94,4517,3
0.002,0,1,0,0,1,5,70,1,1,1,0,1,0,1,0,0,1,1,1,1,1,0,0,1,1,1,0,0,43.81,17,80.6,5460.2,0.0,0,3066.7000000000003,8526.9,5880,3
0.0415,0,0,0,0,0,0,23,1,1,1,1,0,0,1,0,0,0,0,0,0,1,1,0,0,0,1,0,0,48.63,11,54.4,1249.25,0.0,0,1118.49,2367.74,2989,3
0.0105,1,1,0,0,1,4,54,0,0,1,0,1,0,0,0,0,0,0,0,0,1,1,0,0,1,1,0,0,0.0,4,24.95,1364.75,0.0,0,0.0,1364.75,4691,3
0.0001,0,1,0,0,1,4,70,1,1,1,0,1,0,0,1,1,1,1,0,0,0,0,0,1,0,1,0,0,38.58,25,72.95,5265.55,0.0,60,2700.6,8026.15,6466,4
0.0034,0,1,1,2,1,1,66,1,0,1,1,0,0,0,0,0,1,0,0,0,1,0,1,0,1,0,1,0,48.11,27,49.4,3251.85,0.0,0,3175.26,6427.11,5232,3
0.9997,0,1,0,0,1,1,33,1,1,1,0,0,1,0,1,1,0,1,1,1,1,1,0,0,1,1,0,0,11.32,12,104.4,3409.6,0.0,0,373.56,3783.16,3185,1
0.9998,1,1,0,0,1,1,1,1,1,1,0,0,1,0,0,0,0,1,1,0,1,1,0,0,1,1,0,0,4.89,11,95.1,95.1,0.0,0,4.89,99.99,5795,1
0.0009,0,0,0,0,0,0,47,0,0,1,1,0,0,1,0,1,1,0,0,0,1,0,0,1,0,0,1,0,0.0,23,41.9,1875.25,0.0,0,0.0,1875.25,2540,3
0.0001,0,0,0,0,0,0,11,1,0,1,0,1,0,0,0,0,0,0,0,0,0,1,0,0,0,0,1,0,40.59,22,45.2,492.0,0.0,150,446.49,1088.49,5253,5
0.0003,0,0,1,2,0,0,17,1,1,1,0,0,1,0,1,1,1,0,0,0,1,1,0,0,1,0,1,0,49.78,19,92.7,1556.85,0.0,0,846.26,2403.11,2347,4
0.9995,0,1,0,0,1,2,4,1,0,1,1,0,0,0,0,0,1,0,0,0,1,1,0,0,0,0,1,0,9.67,22,50.05,179.35,0.0,0,38.68,218.03,3394,2
0.0051,0,0,0,0,0,0,49,1,0,0,0,0,0,0,0,0,0,0,0,0,0,0,0,1,1,0,1,0,6.26,0,19.9,1022.6,0.0,0,306.74,1329.34,5240,3
0.0001,0,1,1,1,1,6,56,1,1,1,0,1,0,1,1,0,1,0,1,1,1,0,0,1,1,0,1,0,37.58,26,75.85,4261.2,0.0,0,2104.48,6365.68,5314,3
0.9997,0,1,0,0,1,1,47,1,1,1,0,0,1,1,1,1,0,1,0,1,1,1,0,0,1,1,0,0,2.87,51,98.75,4533.7,0.0,0,134.89,4668.59,4622,1
0.0043,0,0,0,0,0,0,12,1,1,1,0,1,0,1,1,0,1,0,0,0,1,1,0,0,1,1,0,0,45.8,4,67.25,832.3,0.0,0,549.5999999999999,1381.9,4334,3
0.0012,1,0,0,0,0,0,62,1,1,1,0,0,1,0,0,0,0,1,0,0,1,0,1,0,0,1,0,0,19.52,3,84.45,4959.15,0.0,0,1210.24,6169.389999999999,4166,4
0.8521,0,0,0,0,0,0,3,0,0,1,0,1,0,0,0,0,1,0,0,0,1,1,0,0,1,1,0,0,0.0,18,29.75,96.85,0.0,0,0.0,96.85,3425,3
0.2585,0,0,0,0,0,0,8,0,0,1,1,0,0,0,0,0,0,0,0,0,1,1,0,0,1,0,1,0,0.0,16,25.25,186.3,0.0,0,0.0,186.3,2372,3
0.0001,0,0,0,0,0,0,72,1,0,0,0,0,0,0,0,0,0,0,0,0,0,0,0,1,0,0,1,0,42.36,0,20.25,1566.9,0.0,0,3049.92,4616.82,5733,4
0.9994,0,0,0,0,0,0,28,1,1,1,0,0,1,0,1,0,0,0,1,1,1,1,0,0,1,1,0,0,30.28,30,89.95,2625.55,0.0,0,847.84,3473.3900000000003,2468,1
0.0265,0,1,1,2,1,1,38,1,1,1,0,0,1,0,0,1,1,1,0,0,0,0,0,1,1,1,0,0,25.84,19,94.9,3616.25,0.0,0,981.92,4598.17,2436,3
0.0003,0,1,0,0,1,8,61,1,1,1,0,0,1,0,1,1,1,1,1,1,1,1,0,0,1,1,0,0,12.32,7,114.1,7132.15,0.0,0,751.52,7883.67,5239,4
0.0018,0,0,1,3,0,0,62,1,1,0,0,0,0,0,0,0,0,0,0,0,0,0,0,1,0,1,0,0,2.83,0,26.0,1638.7,0.0,0,175.46,1814.16,4535,3
0.0003,1,1,1,2,0,0,48,0,0,1,0,1,0,0,1,0,0,0,0,0,1,0,1,0,0,1,0,0,0.0,19,29.9,1388.75,0.0,0,0.0,1388.75,2617,5
0.0002,0,0,0,0,0,0,71,1,1,0,0,0,0,0,0,0,0,0,0,0,0,0,0,1,0,1,0,0,2.66,0,24.55,1719.15,0.0,0,188.86,1908.01,4555,5
0.0025,0,1,0,0,1,10,69,1,1,0,0,0,0,0,0,0,0,0,0,0,0,0,0,1,1,0,1,0,45.12,0,24.95,1718.35,0.0,0,3113.28,4831.629999999999,4106,3
0.7408,1,0,0,0,0,0,3,1,0,1,0,1,0,0,0,0,0,0,0,0,0,1,0,0,0,1,0,0,30.14,6,45.0,127.1,0.0,10,90.42,227.52,4145,3
0.0043,0,1,1,1,1,1,30,1,0,0,0,0,0,0,0,0,0,0,0,0,0,0,0,1,0,0,1,0,12.85,0,19.7,599.25,49.79,0,385.5,934.96,5045,3
0.0023,0,0,0,0,0,0,52,1,1,1,0,1,0,1,1,1,1,1,1,1,1,0,0,1,1,0,1,0,6.8,30,89.25,4652.4,0.0,0,353.6,5006.0,4624,3
0.0004,1,1,1,1,1,1,12,0,0,1,0,1,0,0,0,0,1,0,0,0,1,1,0,0,1,0,0,1,0.0,14,29.3,355.9,0.0,0,0.0,355.9,3353,4
0.01,0,0,0,0,0,0,13,0,0,1,0,1,0,1,0,0,1,1,0,0,1,1,0,0,1,0,1,0,0.0,17,45.55,597.0,0.0,0,0.0,597.0,4856,3
0.0001,0,1,1,1,1,5,72,1,1,1,0,0,1,0,1,1,1,1,1,1,0,0,0,1,0,0,1,0,45.32,11,110.9,7922.75,0.0,130,3263.04,11315.79,6444,4
0.112,0,0,0,0,0,0,9,1,0,1,1,0,0,0,1,0,1,1,0,0,0,1,0,0,0,0,0,1,24.81,69,66.25,620.55,0.0,10,223.29,853.8399999999999,5515,3
0.9996,1,0,0,0,0,0,1,0,0,1,0,1,0,0,0,0,0,0,0,0,1,1,0,0,0,1,0,0,0.0,15,25.25,25.25,0.0,0,0.0,25.25,4628,2
0.9208,0,0,0,0,0,0,2,1,0,1,0,0,1,0,0,0,0,0,1,1,1,1,0,0,0,1,0,0,33.89,41,80.55,184.1,0.0,0,67.78,251.88,2856,3
0.0001,0,1,0,0,1,5,65,1,0,1,0,1,0,1,0,1,1,0,0,0,1,0,0,1,0,0,1,0,34.31,71,58.9,3857.1,0.0,0,2230.15,6087.25,5657,4
0.9998,1,0,0,0,0,0,2,1,1,1,0,0,1,0,0,1,0,0,1,1,1,1,0,0,1,1,0,0,21.57,28,88.55,179.25,0.0,0,43.14,222.39,3685,1
0.0005,0,0,0,0,0,0,5,1,0,0,0,0,0,0,0,0,0,0,0,0,0,1,0,0,0,0,1,0,24.16,0,19.95,107.05,0.0,0,120.8,227.85,4281,5
0.0052,0,0,0,0,0,0,60,0,0,1,1,0,0,1,0,1,0,1,1,1,1,0,0,1,0,1,0,0,0.0,4,53.6,3237.05,0.0,0,0.0,3237.05,4173,3
0.0006,0,0,0,0,0,0,66,1,1,1,0,0,1,0,1,0,1,1,1,1,1,0,1,0,1,1,0,0,33.02,6,104.25,6860.6,44.0,0,2179.32,8995.92,4915,4
0.0009,0,1,1,3,1,1,72,1,1,1,0,0,1,1,1,0,1,0,1,1,1,0,0,1,1,0,1,0,20.79,59,97.75,6991.6,0.0,0,1496.88,8488.48,4054,3
0.0179,0,0,0,0,0,0,49,1,0,1,0,0,1,0,0,1,1,1,1,1,1,0,0,1,0,0,1,0,11.11,27,100.65,4917.75,0.0,0,544.39,5462.14,5499,3
0.0004,0,1,0,0,1,1,53,1,1,1,0,0,1,0,1,1,1,1,1,1,1,0,1,0,1,1,0,0,18.0,20,108.95,5718.2,0.0,0,954.0,6672.2,4163,4
0.9997,1,1,0,0,1,1,3,1,0,1,0,0,1,0,0,0,0,1,0,0,1,1,0,0,1,1,0,0,3.29,9,80.4,224.05,0.0,0,9.87,233.92,3834,2
0.4474,0,0,0,0,0,0,37,1,0,1,0,0,1,0,0,0,0,0,0,0,1,1,0,0,1,0,1,0,28.84,25,70.35,2552.9,0.0,0,1067.08,3619.98,5402,3
0.9985,0,0,1,2,0,0,2,1,0,1,0,0,1,0,0,0,0,1,0,0,0,1,0,0,1,1,0,0,5.85,19,80.65,144.15,0.0,20,11.7,175.85,5586,1
0.0004,0,0,0,0,0,0,46,1,0,0,0,0,0,0,0,0,0,0,0,0,0,0,0,1,0,1,0,0,13.42,0,19.95,907.05,0.0,0,617.32,1524.37,4006,5
0.0004,0,0,0,0,0,0,47,1,0,1,0,0,1,1,0,0,0,0,0,0,1,1,0,0,0,0,1,0,48.03,69,75.45,3545.1,0.0,0,2257.41,5802.51,4995,4
0.9988,0,1,1,1,1,1,8,1,0,1,0,1,0,0,0,1,0,0,0,0,1,1,0,0,1,1,0,0,3.85,20,51.05,415.05,0.0,0,30.8,445.85,3758,1
0.9999,0,1,0,0,1,1,54,1,1,1,0,0,1,0,1,1,0,1,1,1,1,1,0,0,1,1,0,0,35.46,23,104.3,5278.15,11.45,0,1914.84,7181.54,4019,1
0.0007,0,1,0,0,1,7,72,1,1,1,0,1,0,1,1,1,0,1,1,1,1,0,0,1,1,0,1,0,17.28,11,82.65,5919.35,0.0,0,1244.16,7163.51,4324,3
0.2679,1,1,0,0,1,2,15,1,1,1,0,0,1,0,0,1,1,0,0,0,0,1,0,0,1,1,0,0,44.13,3,83.05,1258.3,0.0,110,661.95,2030.25,2596,3
0.9988,0,0,0,0,0,0,3,0,0,1,1,0,0,1,0,0,1,0,0,0,1,1,0,0,0,0,0,1,0.0,52,34.25,139.35,0.0,0,0.0,139.35,2802,1
0.6682,0,0,0,0,0,0,7,1,1,1,0,0,1,0,0,0,0,0,0,0,1,1,0,0,1,1,0,0,25.17,17,75.35,564.65,0.0,0,176.19,740.8399999999999,4989,3
0.0003,0,1,0,0,1,1,64,1,1,1,0,0,1,1,1,1,1,1,1,1,1,0,1,0,1,1,0,0,46.44,29,115.0,7396.15,0.0,0,2972.16,10368.31,5189,4
0.9992,0,0,0,0,0,0,1,1,0,1,0,1,0,0,1,0,0,0,0,0,1,1,0,0,0,1,0,0,30.96,5,50.55,50.55,0.0,0,30.96,81.50999999999999,3420,1
0.0008,0,1,0,0,1,3,72,1,1,1,0,1,0,1,1,1,1,1,1,1,1,0,0,1,0,0,1,0,44.92,69,89.8,6510.45,0.0,0,3234.24,9744.69,5762,3
0.0,0,1,1,1,1,10,68,1,0,0,0,0,0,0,0,0,0,0,0,0,0,0,0,1,1,1,0,0,46.61,0,19.35,1292.65,0.0,0,3169.48,4462.13,6303,4
0.0001,0,1,0,0,1,8,47,1,0,1,1,0,0,0,1,0,0,1,0,0,1,1,0,0,1,1,0,0,3.2,18,58.6,2723.4,0.0,0,150.4,2873.8,2613,4
0.9993,0,0,0,0,0,0,22,1,1,1,0,0,1,0,1,0,0,0,0,0,1,1,0,0,1,1,0,0,19.19,17,79.35,1730.35,0.0,0,422.18,2152.53,4718,1
0.0004,1,0,0,0,0,0,4,1,1,1,0,0,1,1,0,0,0,0,0,0,0,0,1,0,1,1,0,0,8.75,4,80.25,303.7,0.0,30,35.0,368.7,3828,4
0.5491,0,1,0,0,0,0,70,1,1,1,0,0,1,0,0,1,0,1,1,1,1,0,1,0,1,1,0,0,19.88,26,101.75,7069.3,0.0,0,1391.6,8460.9,5596,3
0.0004,0,0,0,0,0,0,9,1,0,0,0,0,0,0,0,0,0,0,0,0,0,0,1,0,1,1,0,0,4.02,0,19.9,164.6,0.0,0,36.17999999999999,200.78,3643,4
0.0001,0,1,1,1,0,0,10,1,0,0,0,0,0,0,0,0,0,0,0,0,0,0,1,0,0,0,1,0,37.59,0,20.45,242.4,0.0,0,375.9,618.3000000000001,4613,4
0.0007,0,0,0,0,0,0,6,1,0,0,0,0,0,0,0,0,0,0,0,0,0,1,0,0,0,0,1,0,31.02,0,19.7,129.55,0.0,0,186.12,315.67,5387,5
0.0008,0,0,0,0,0,0,5,1,0,1,0,1,0,0,0,0,0,0,0,0,1,1,0,0,1,0,1,0,10.99,29,44.05,202.15,0.0,0,54.95,257.1,5846,5
0.0003,0,1,0,0,1,5,23,1,0,1,0,1,0,1,0,0,0,0,1,1,0,1,0,0,1,1,0,0,3.67,69,59.95,1406.0,26.55,140,84.41,1603.86,5379,4
0.0002,0,1,0,0,1,9,59,1,0,0,0,0,0,0,0,0,0,0,0,0,0,0,0,1,0,1,0,0,26.99,0,18.4,1057.85,0.0,0,1592.41,2650.26,4375,4
0.3559,0,0,0,0,0,0,1,1,0,1,0,1,0,0,0,0,0,0,0,0,0,1,0,0,1,0,1,0,13.84,26,45.05,45.05,0.0,70,13.84,128.89,2644,3
0.9992,0,0,0,0,0,0,2,1,0,1,0,0,1,0,0,0,0,0,0,0,1,1,0,0,1,0,1,0,37.72,27,69.8,134.7,0.0,0,75.44,210.14,2320,1
0.0005,0,1,0,0,1,2,71,1,0,0,0,0,0,0,0,0,0,0,0,0,0,0,0,1,0,0,1,0,37.83,0,19.6,1416.5,0.0,0,2685.93,4102.43,4890,4
0.0008,0,1,0,0,1,1,36,1,0,0,0,0,0,0,0,0,0,0,0,0,0,0,1,0,0,1,0,0,12.61,0,20.85,720.05,0.0,0,453.96,1174.01,5744,4
0.0077,0,0,0,0,0,0,39,1,0,0,0,0,0,0,0,0,0,0,0,0,0,0,0,1,0,0,0,1,1.57,0,20.15,826.0,25.92,0,61.23,861.3100000000001,2007,3
0.1581,0,0,0,0,0,0,22,1,1,1,0,0,1,0,0,0,0,1,0,0,0,1,0,0,1,1,0,0,19.2,41,84.15,1821.95,0.0,60,422.4,2304.35,3549,3
0.9989,0,0,0,0,0,0,1,1,0,0,0,0,0,0,0,0,0,0,0,0,0,1,0,0,0,0,1,0,33.58,0,20.15,20.15,0.0,0,33.58,53.73,4832,1
0.8781,1,0,0,0,0,0,6,1,1,1,0,0,1,0,1,0,0,1,1,1,1,1,0,0,1,1,0,0,47.35,29,98.25,560.6,0.0,0,284.1,844.7,3330,3
0.001,0,0,0,0,0,0,27,1,1,1,0,0,1,0,0,0,0,1,1,1,1,1,0,0,1,1,0,0,35.17,24,95.6,2595.25,0.0,0,949.59,3544.84,2026,4
0.1489,0,0,0,0,0,0,11,1,0,1,0,0,1,0,0,1,0,0,0,0,1,1,0,0,0,1,0,0,18.33,76,72.9,818.45,0.0,0,201.63,1020.08,3042,3
0.0007,0,0,0,0,0,0,16,1,0,1,0,0,1,0,0,0,0,0,0,0,1,1,0,0,1,0,1,0,27.43,27,69.95,1205.5,0.0,0,438.88,1644.38,5596,5
0.9998,0,1,0,0,1,1,57,1,1,1,0,0,1,0,1,1,0,1,1,1,1,1,0,0,1,0,1,0,40.13,25,104.5,5921.35,0.0,0,2287.4100000000003,8208.76,4471,1
0.0008,0,0,0,0,0,0,51,1,0,1,0,1,0,0,0,0,1,0,0,0,1,0,1,0,0,0,1,0,36.59,20,47.85,2356.75,18.39,0,1866.09,4204.450000000001,4138,4
0.9994,0,0,0,0,0,0,50,1,1,1,0,0,1,1,1,0,1,1,1,1,1,0,0,1,1,1,0,0,27.7,28,109.65,5551.15,0.0,0,1385.0,6936.15,5855,1
0.8663,1,0,0,0,0,0,1,1,0,1,0,0,1,0,0,0,0,0,0,0,1,1,0,0,1,1,0,0,31.13,5,69.65,69.65,0.0,0,31.13,100.78,4741,3
0.0064,0,1,0,0,1,8,44,1,0,1,1,0,0,1,1,1,0,0,0,0,0,0,1,0,1,0,1,0,44.87,20,61.5,2722.2,0.0,150,1974.28,4846.48,2059,3
0.0003,0,0,0,0,0,0,29,1,1,1,0,0,1,0,0,0,0,0,0,0,1,1,0,0,1,1,0,0,16.38,82,74.2,1993.25,0.0,0,475.02,2468.27,3982,5
0.0033,0,1,0,0,1,1,8,1,1,1,0,0,1,0,0,0,0,0,1,1,0,1,0,0,1,1,0,0,39.59,16,85.65,659.45,0.0,70,316.72,1046.17,2512,4
0.0002,0,0,1,1,0,0,26,1,0,1,0,0,1,0,1,1,1,1,1,1,1,0,0,1,1,1,0,0,2.48,19,105.45,2715.3,0.0,0,64.48,2779.78,5980,5
0.999,0,0,0,0,0,0,8,1,0,1,0,0,1,1,0,0,0,1,0,0,1,1,0,0,0,1,0,0,32.31,6,84.95,668.4,0.0,0,258.48,926.88,4437,1
0.3817,0,0,0,0,0,0,13,0,0,1,0,1,0,0,0,1,0,1,1,1,1,1,0,0,0,1,0,0,0.0,27,49.15,649.4,0.0,0,0.0,649.4,3000,3
0.0001,0,1,0,0,1,2,72,1,1,1,0,0,1,0,1,1,1,1,1,1,1,0,1,0,0,0,1,0,11.85,82,109.15,7789.6,0.0,0,853.1999999999999,8642.800000000001,4807,4
0.0,0,1,1,3,1,4,10,1,0,0,0,0,0,0,0,0,0,0,0,0,0,0,0,1,0,0,1,0,20.05,0,20.0,200.0,0.0,0,200.5,400.5,3763,4
0.0008,0,0,0,0,0,0,19,0,0,1,0,1,0,0,1,0,0,0,1,1,0,1,0,0,1,1,0,0,0.0,59,39.7,710.05,0.0,110,0.0,820.05,4034,5
0.9996,0,1,0,0,1,1,15,1,1,1,0,0,1,0,0,0,0,0,0,0,1,1,0,0,1,1,0,0,34.63,15,74.9,1107.25,0.0,0,519.45,1626.7,2510,2
0.0048,0,0,0,0,0,0,54,0,0,1,0,1,0,1,0,0,1,0,1,1,1,0,1,0,0,1,0,0,0.0,21,44.1,2369.7,0.0,0,0.0,2369.7,6205,3
0.0001,0,1,1,3,1,8,72,0,0,1,0,1,0,1,1,1,0,0,0,0,1,0,0,1,0,0,1,0,0.0,82,38.5,2763.0,0.0,0,0.0,2763.0,4710,4
0.0002,0,1,0,0,1,7,56,1,1,0,0,0,0,0,0,0,0,0,0,0,0,0,1,0,0,1,0,0,21.21,0,24.3,1261.7,0.0,0,1187.76,2449.46,5052,5
0.0106,0,0,0,0,0,0,41,1,0,0,0,0,0,0,0,0,0,0,0,0,0,0,0,1,0,0,1,0,36.76,0,20.15,802.35,29.95,0,1507.16,2279.56,4982,3
0.0006,0,1,0,0,1,2,53,1,1,1,0,0,1,0,0,0,1,0,1,1,0,0,1,0,1,1,0,0,42.18,53,91.15,4862.5,0.0,150,2235.54,7248.04,6439,5
0.0003,0,0,0,0,0,0,71,1,1,1,0,0,1,0,0,1,1,0,0,0,1,0,0,1,1,0,1,0,6.75,15,86.4,6172.0,0.0,0,479.25,6651.25,4069,5
0.0001,0,1,1,2,1,9,71,1,1,1,0,0,1,0,1,1,0,0,1,1,1,0,0,1,1,0,1,0,27.26,12,95.75,6849.4,0.0,0,1935.46,8784.86,4865,5
0.0032,1,1,0,0,1,3,9,1,0,0,0,0,0,0,0,0,0,0,0,0,0,0,1,0,0,0,1,0,22.79,0,19.85,183.15,0.0,0,205.11,388.26,5601,3
0.0004,0,0,0,0,0,0,28,1,0,1,0,0,1,0,0,0,0,0,1,1,1,1,0,0,1,1,0,0,33.84,5,80.6,2244.95,0.0,0,947.52,3192.47,2951,5
0.0462,0,0,0,0,0,0,30,1,1,1,0,0,1,0,0,0,1,0,1,1,1,1,0,0,1,0,1,0,31.97,2,89.9,2723.15,0.0,0,959.1,3682.25,3233,3
0.0356,0,0,1,2,0,0,2,1,0,0,0,0,0,0,0,0,0,0,0,0,0,1,0,0,0,0,0,1,49.53,0,20.4,42.9,0.0,0,99.06,141.96,3000,3
0.0009,0,1,0,0,1,8,72,1,0,1,0,0,1,1,1,0,1,1,1,1,1,0,0,1,0,1,0,0,27.25,19,105.5,7611.55,0.0,0,1962.0,9573.55,5534,3
0.001,0,0,0,0,0,0,52,0,0,1,0,1,0,1,1,0,1,0,0,0,0,0,0,1,0,0,1,0,0.0,7,39.1,1982.1,0.0,130,0.0,2112.1,4247,3
0.0066,0,1,1,2,1,1,17,0,0,1,0,1,0,1,0,1,0,1,0,0,1,0,1,0,0,0,1,0,0.0,52,44.45,792.15,0.0,0,0.0,792.15,3522,3
0.0475,0,0,0,0,0,0,10,1,0,0,0,0,0,0,0,0,0,0,0,0,0,1,0,0,0,0,1,0,20.29,0,19.75,208.25,0.0,0,202.9,411.15,3926,3
0.0001,0,1,0,0,1,8,72,1,1,0,0,0,0,0,0,0,0,0,0,0,0,0,0,1,1,0,1,0,26.98,0,26.0,1776.0,0.0,0,1942.56,3718.56,5374,4
0.999,0,0,0,0,0,0,46,1,1,1,1,0,0,0,0,0,0,1,1,1,0,1,0,0,0,1,0,0,6.18,8,96.05,4399.5,0.0,80,284.28,4763.78,2712,2
0.1194,0,1,1,1,1,1,6,1,1,1,1,0,0,0,0,0,0,0,0,0,1,1,0,0,1,0,1,0,24.83,82,48.95,273.25,0.0,0,148.98,422.23,3061,3
0.006,0,0,0,0,0,0,50,0,0,1,0,1,0,0,1,1,1,0,0,0,1,0,0,1,0,0,1,0,0.0,6,39.7,1932.75,0.0,0,0.0,1932.75,5174,3
0.0,0,1,1,1,1,8,14,1,0,0,0,0,0,0,0,0,0,0,0,0,0,0,0,1,1,0,1,0,15.33,0,19.7,263.65,0.0,0,214.62,478.27,2966,4
0.9998,0,0,0,0,0,0,1,1,1,1,0,0,1,0,0,0,0,0,0,0,1,1,0,0,1,0,0,1,21.8,42,74.25,74.25,0.0,0,21.8,96.05,4750,1
0.0007,0,0,0,0,0,0,29,1,0,0,0,0,0,0,0,0,0,0,0,0,0,0,1,0,0,0,1,0,49.52,0,19.1,529.5,0.0,0,1436.0800000000002,1965.58,5880,4
0.0005,0,1,0,0,1,1,47,1,0,1,0,1,0,1,0,1,0,1,0,0,0,0,1,0,1,0,1,0,6.56,11,66.05,3021.45,0.0,40,308.32,3369.77,3404,4
0.0004,0,1,1,1,1,3,72,1,0,1,0,0,1,1,1,1,1,1,1,1,1,0,0,1,1,0,1,0,32.23,19,109.5,7854.9,0.0,0,2320.56,10175.46,6419,3
0.0006,0,1,0,0,1,4,45,1,1,0,0,0,0,0,0,0,0,0,0,0,0,0,1,0,1,0,1,0,22.49,0,25.9,1216.6,0.0,0,1012.05,2228.65,5741,4
0.0003,0,1,1,2,1,1,44,1,0,0,0,0,0,0,0,0,0,0,0,0,0,1,0,0,0,0,1,0,4.17,0,19.6,780.25,0.0,0,183.48,963.73,5584,5
0.0004,0,0,0,0,0,0,1,1,0,1,0,0,1,0,0,0,0,1,1,1,1,1,0,0,1,1,0,0,16.64,2,89.25,89.25,0.0,0,16.64,105.89,5579,5
0.0002,0,1,0,0,1,9,15,1,0,1,0,0,1,0,0,0,0,0,0,0,0,1,0,0,1,1,0,0,24.17,10,68.6,1108.6,0.0,90,362.55,1561.15,3351,4
0.8553,0,0,0,0,0,0,3,1,1,1,0,0,1,0,1,1,0,1,1,1,1,1,0,0,1,1,0,0,13.83,14,105.35,323.25,0.0,0,41.49,364.74,3662,3
0.0011,0,1,0,0,1,1,22,1,0,0,0,0,0,0,0,0,0,0,0,0,0,1,0,0,1,1,0,0,20.78,0,20.45,471.55,0.0,0,457.16,928.71,3727,4
0.0002,0,1,0,0,1,11,72,0,0,1,0,1,0,1,1,1,1,0,0,0,1,0,0,1,0,0,1,0,0.0,17,45.25,3139.8,0.0,0,0.0,3139.8,5041,4
0.0003,0,0,0,0,0,0,3,1,0,0,0,0,0,0,0,0,0,0,0,0,0,1,0,0,0,0,1,0,3.12,0,19.85,57.2,0.0,0,9.36,66.56,5634,4
0.0002,0,1,1,6,1,6,49,1,1,1,0,0,1,0,0,0,0,1,1,1,1,1,0,0,1,1,0,0,8.18,53,95.4,4613.95,0.0,0,400.82,5014.77,6136,5
0.7893,0,0,0,0,0,0,1,1,0,1,0,0,1,0,1,0,0,0,0,0,1,1,0,0,1,1,0,0,4.8,11,74.35,74.35,0.0,0,4.8,79.14999999999999,5633,3
0.0002,0,1,1,1,1,9,38,1,1,0,0,0,0,0,0,0,0,0,0,0,0,0,0,1,0,0,1,0,33.1,0,25.05,963.95,0.0,0,1257.8,2221.75,3772,3
0.0002,0,0,0,0,0,0,71,1,1,1,0,0,1,0,1,0,0,0,0,0,1,0,1,0,1,0,1,0,41.34,10,79.05,5552.5,0.0,0,2935.1400000000003,8487.64,5466,4
0.0003,0,0,0,0,0,0,35,1,0,1,0,0,1,1,0,0,1,0,1,1,1,0,1,0,1,1,0,0,49.61,26,89.2,3251.3,0.0,0,1736.35,4987.65,4446,4
0.0027,0,1,1,1,1,1,11,0,0,1,1,0,0,1,0,0,0,1,1,1,1,1,0,0,0,1,0,0,0.0,41,50.55,565.35,0.0,0,0.0,565.35,3443,3
0.9735,1,0,0,0,0,0,2,1,1,1,0,0,1,0,0,0,0,1,1,0,1,1,0,0,1,1,0,0,19.27,18,93.85,170.85,0.0,0,38.54,209.39,4193,3
0.9996,0,1,0,0,1,1,16,0,0,1,0,1,0,0,0,0,1,1,1,1,1,1,0,0,1,1,0,0,0.0,29,49.95,810.2,0.0,0,0.0,810.2,4840,1
0.0001,0,1,0,0,1,2,31,1,0,1,0,1,0,1,0,1,1,1,1,1,1,0,1,0,1,0,0,1,39.34,41,81.15,2545.75,0.0,0,1219.5400000000002,3765.29,5643,4
0.0002,0,1,1,2,1,4,40,1,1,1,0,0,1,0,1,1,0,1,0,0,1,1,0,0,1,0,1,0,29.42,23,96.35,3915.4,0.0,0,1176.8000000000002,5092.200000000001,2004,5
0.0019,1,1,0,0,1,4,71,1,1,1,0,0,1,1,0,0,0,0,0,0,1,0,0,1,1,0,1,0,43.99,17,80.7,5676.0,0.0,0,3123.29,8799.29,4583,3
0.9989,0,0,0,0,0,0,23,1,1,1,0,0,1,1,0,0,0,1,0,0,1,1,0,0,1,1,0,0,3.55,4,90.05,2169.8,27.38,0,81.64999999999999,2224.07,4650,2
0.0046,1,0,0,0,0,0,72,1,1,1,0,0,1,1,1,1,1,1,1,0,1,0,0,1,0,1,0,0,24.67,26,113.8,7845.8,0.0,0,1776.2400000000002,9622.04,4598,3
0.093,0,1,0,0,0,0,60,1,1,1,0,0,1,0,0,1,0,1,1,1,1,0,0,1,0,0,1,0,10.05,48,101.15,6067.4,0.0,0,603.0,6670.4,5301,3
0.0147,0,0,0,0,0,0,10,1,0,1,0,0,1,1,0,1,0,0,0,0,1,1,0,0,1,0,1,0,48.38,42,79.85,887.35,0.0,0,483.8,1371.15,5983,3
0.1706,0,1,0,0,0,0,42,1,0,0,0,0,0,0,0,0,0,0,0,0,0,1,0,0,0,0,1,0,5.95,0,20.35,869.9,0.0,0,249.9,1119.8,2127,3
0.0001,0,1,1,1,1,9,43,1,1,0,0,0,0,0,0,0,0,0,0,0,0,0,1,0,1,1,0,0,28.03,0,24.45,993.15,41.33,0,1205.29,2157.11,5119,4
0.9995,0,0,0,0,0,0,18,0,0,1,0,1,0,0,1,1,0,0,0,0,1,1,0,0,1,0,1,0,0.0,26,33.5,600.0,0.0,0,0.0,600.0,5474,2
0.6734,1,1,0,0,1,1,18,1,0,1,0,0,1,0,0,0,0,0,1,0,1,1,0,0,0,1,0,0,4.98,18,78.55,1422.65,0.0,0,89.64000000000001,1512.2900000000002,3521,3
0.0265,0,0,0,0,0,0,6,1,0,0,0,0,0,0,0,0,0,0,0,0,0,1,0,0,0,0,0,1,47.46,0,20.0,109.2,0.0,0,284.76,393.96,3142,3
0.0001,0,1,1,1,0,0,8,1,1,1,0,1,0,1,1,0,1,0,1,1,1,0,0,1,1,0,1,0,37.28,14,76.15,645.8,0.0,0,298.24,944.04,4457,4
0.0208,0,0,0,0,0,0,26,1,0,0,0,0,0,0,0,0,0,0,0,0,0,1,0,0,0,0,1,0,31.73,0,20.9,518.3,0.0,0,824.98,1343.28,5895,3
0.0001,1,1,1,1,1,10,60,1,1,1,0,0,1,1,0,0,0,0,0,0,1,0,0,1,1,1,0,0,18.23,11,80.95,4859.1,49.53,0,1093.8,5903.370000000001,6214,4
0.9995,0,0,0,0,0,0,24,0,0,1,0,1,0,0,1,1,0,1,1,1,1,1,0,0,1,0,1,0,0.0,52,54.15,1240.25,0.0,0,0.0,1240.25,5153,1
0.999,0,1,1,1,1,1,5,1,1,1,0,0,1,0,1,0,0,0,0,0,1,1,0,0,1,1,0,0,11.54,19,80.15,385.0,0.0,0,57.7,442.7,5124,1
0.0001,0,1,1,1,1,1,48,1,0,1,0,1,0,0,1,1,0,0,0,1,1,0,1,0,1,0,1,0,38.3,85,55.8,2651.2,0.0,0,1838.4,4489.599999999999,3446,4
0.0,0,1,1,3,1,8,64,1,1,1,0,0,1,0,1,1,0,0,1,1,1,0,1,0,1,1,0,0,37.47,69,92.85,5980.75,0.0,0,2398.08,8378.83,5206,4
0.0002,0,0,0,0,0,0,7,0,0,1,0,1,0,1,0,1,0,0,0,0,1,0,1,0,0,0,1,0,0.0,14,35.3,264.8,0.0,0,0.0,264.8,3463,4
0.0005,0,0,0,0,0,0,70,1,1,1,0,0,1,1,1,1,1,1,1,1,1,0,0,1,1,0,1,0,44.57,26,111.95,7795.95,0.0,0,3119.9,10915.85,4182,4
0.0002,0,0,1,2,0,0,22,1,0,0,0,0,0,0,0,0,0,0,0,0,0,1,0,0,0,0,1,0,34.07,0,20.15,432.5,0.0,0,749.54,1182.04,2722,5
0.0003,0,0,0,0,0,0,4,0,0,1,0,1,0,1,0,0,0,0,0,0,0,1,0,0,1,0,1,0,0.0,2,29.15,110.05,0.0,10,0.0,120.05,2657,4
0.0007,0,0,0,0,0,0,40,1,1,1,0,0,1,0,0,0,0,1,0,0,1,1,0,0,1,1,0,0,17.83,27,84.9,3369.05,0.0,0,713.1999999999999,4082.25,2904,4
0.9988,0,0,0,0,0,0,1,1,0,1,1,0,0,0,0,0,0,0,1,1,1,1,0,0,1,1,0,0,13.01,4,55.4,55.4,0.0,0,13.01,68.41,2294,1
0.0067,0,1,0,0,1,8,40,1,0,1,0,0,1,0,1,1,0,0,0,0,1,1,0,0,1,1,0,0,39.22,27,80.0,3168.75,41.74,0,1568.8,4695.81,2478,3
0.0003,0,1,1,1,1,5,3,1,0,1,0,0,1,0,0,0,0,1,0,0,1,1,0,0,1,1,0,0,23.72,17,80.7,239.45,0.0,0,71.16,310.61,2081,4
0.0003,0,1,1,2,1,8,29,1,1,0,0,0,0,0,0,0,0,0,0,0,0,0,0,1,0,0,1,0,5.35,0,26.1,692.55,0.0,0,155.14999999999998,847.6999999999999,2828,3
0.0002,0,1,0,0,1,5,68,1,1,1,0,0,1,0,1,1,0,0,0,0,0,0,1,0,0,0,1,0,9.76,15,86.45,5762.95,0.0,150,663.68,6576.63,4480,5
0.0004,0,0,0,0,0,0,41,1,0,0,0,0,0,0,0,0,0,0,0,0,0,1,0,0,0,1,0,0,15.48,0,20.45,775.6,0.0,0,634.6800000000001,1410.2800000000002,2839,5
0.0075,0,1,1,1,1,2,12,1,0,0,0,0,0,0,0,0,0,0,0,0,0,1,0,0,1,1,0,0,25.33,0,19.2,239.0,45.46,0,303.96,497.5,3101,3
0.0001,0,1,1,3,1,8,72,1,1,1,1,0,0,1,1,0,1,0,0,0,1,0,0,1,0,0,1,0,22.62,27,66.75,4760.3,0.0,0,1628.64,6388.9400000000005,6063,3
0.0012,0,1,0,0,1,9,9,1,0,1,0,1,0,1,0,0,0,0,0,0,1,0,1,0,0,0,1,0,30.07,30,48.6,422.3,20.45,0,270.63,672.48,4562,3
0.9999,0,1,0,0,1,1,28,1,0,1,0,0,1,1,0,0,0,1,1,1,1,1,0,0,1,0,1,0,37.66,20,92.35,2602.9,0.0,0,1054.48,3657.38,2990,1
0.2291,0,0,0,0,0,0,15,1,1,0,0,0,0,0,0,0,0,0,0,0,0,1,0,0,1,1,0,0,7.96,0,26.35,378.6,0.0,0,119.4,498.0,2723,3
0.0003,0,0,0,0,0,0,25,1,0,0,0,0,0,0,0,0,0,0,0,0,0,1,0,0,1,0,0,1,17.64,0,20.15,536.35,0.0,0,441.0,977.35,3848,5
0.0003,0,0,0,0,0,0,72,0,0,1,1,0,0,1,1,1,1,1,1,1,1,0,0,1,1,1,0,0,0.0,10,65.55,4807.45,0.0,0,0.0,4807.45,4266,4
0.0007,0,0,0,0,0,0,43,1,0,1,0,0,1,0,1,1,0,1,0,0,1,1,0,0,1,1,0,0,26.55,12,91.65,3954.1,0.0,0,1141.65,5095.75,3826,5
0.0002,0,1,1,3,1,4,62,1,1,1,0,0,1,1,0,0,0,1,1,1,0,0,0,1,1,1,0,0,28.64,52,101.15,6638.35,0.0,30,1775.68,8444.03,5735,3
0.0004,0,1,0,0,1,10,17,1,1,1,0,0,1,0,0,0,0,1,1,1,1,1,0,0,0,1,0,0,9.22,13,92.6,1579.7,0.0,0,156.74,1736.44,4756,4
0.0008,0,0,0,0,0,0,51,1,1,1,1,0,0,1,1,1,1,1,0,0,1,0,1,0,1,0,1,0,34.75,59,81.15,4126.2,0.0,0,1772.25,5898.45,4549,4
0.0004,0,0,0,0,0,0,5,1,0,1,0,1,0,1,0,0,1,1,0,0,1,1,0,0,1,1,0,0,8.32,22,64.35,352.65,0.0,0,41.6,394.25,4771,4
0.0003,0,0,0,0,0,0,3,1,0,0,0,0,0,0,0,0,0,0,0,0,0,1,0,0,0,0,1,0,38.41,0,20.7,57.5,0.0,0,115.23,172.73,2011,4
0.0222,1,1,0,0,1,8,67,1,1,1,0,0,1,1,0,1,0,1,1,0,1,0,1,0,1,0,1,0,38.47,20,107.05,7142.5,0.0,0,2577.49,9719.99,4126,3
0.0099,0,0,1,1,0,0,24,1,0,0,0,0,0,0,0,0,0,0,0,0,0,0,0,1,0,0,0,1,34.24,0,19.75,498.1,0.0,0,821.76,1319.86,2639,3
0.0003,0,1,1,3,1,9,72,1,1,1,0,0,1,1,1,1,1,1,1,1,0,0,0,1,1,1,0,0,34.69,59,115.6,8220.4,0.0,140,2497.68,10858.08,5633,3
0.0008,0,1,0,0,1,8,72,1,1,1,0,0,1,1,1,1,1,0,0,0,0,0,0,1,1,1,0,0,11.02,17,94.25,6849.75,0.0,100,793.4399999999999,7743.19,6295,4
0.0007,0,1,0,0,1,8,68,1,1,1,0,0,1,1,1,1,1,1,1,1,1,0,0,1,0,1,0,0,23.14,21,114.9,7843.55,0.0,0,1573.52,9417.07,5782,3
0.0001,0,1,1,1,1,1,60,1,1,1,0,0,1,1,1,1,1,1,1,1,1,0,0,1,0,0,1,0,43.33,28,115.25,6758.45,11.85,0,2599.8,9346.4,5328,5
0.0003,0,1,1,3,1,4,35,1,1,1,0,0,1,0,1,0,0,1,0,0,0,1,0,0,1,1,0,0,48.08,53,89.65,3161.6,0.0,40,1682.8,4884.4,2622,3
0.0171,0,0,0,0,0,0,12,1,0,0,0,0,0,0,0,0,0,0,0,0,0,0,1,0,0,0,1,0,16.59,0,20.05,267.0,0.0,0,199.08,466.08,4018,3
0.0006,0,0,0,0,0,0,28,1,0,0,0,0,0,0,0,0,0,0,0,0,0,0,1,0,0,0,1,0,40.39,0,18.25,534.7,0.0,0,1130.92,1665.62,5327,4
0.0006,0,0,0,0,0,0,35,0,0,1,0,1,0,0,0,1,0,1,1,1,1,1,0,0,0,1,0,0,0.0,26,49.2,1701.65,0.0,0,0.0,1701.65,2782,4
0.0927,0,0,0,0,0,0,1,1,0,1,0,1,0,1,0,0,0,0,0,0,0,1,0,0,0,1,0,0,38.33,24,50.15,50.15,0.0,50,38.33,138.48000000000002,4421,3
0.0003,0,1,0,0,1,5,67,1,1,1,1,0,0,1,1,1,0,0,0,0,1,0,0,1,0,0,1,0,22.83,22,65.65,4322.85,0.0,0,1529.61,5852.46,5441,3
0.6505,1,1,0,0,1,1,68,1,1,1,0,0,1,0,1,1,0,1,1,0,1,1,0,0,1,1,0,0,47.17,29,105.3,7299.65,0.0,0,3207.56,10507.21,6284,3
0.0002,0,1,1,1,1,5,13,1,0,1,0,1,0,1,0,0,1,0,0,0,1,0,1,0,0,1,0,0,19.63,12,54.15,701.05,0.0,0,255.19,956.24,4977,3
0.0007,0,0,0,0,0,0,37,1,1,1,0,0,1,0,0,1,0,1,1,1,1,1,0,0,1,1,0,0,17.46,22,100.05,3810.55,0.0,0,646.02,4456.57,2904,5
0.0048,0,1,1,3,1,1,60,1,1,1,0,0,1,1,0,1,1,1,1,1,0,0,0,1,1,1,0,0,40.36,76,110.6,6586.85,36.38,80,2421.6,9052.07,5756,3
0.0004,0,1,0,0,1,2,70,1,1,1,1,0,0,1,0,1,1,0,1,1,1,0,0,1,0,0,1,0,4.8,41,77.3,5498.2,26.87,0,336.0,5807.33,6252,3
0.0011,0,0,0,0,0,0,40,1,0,1,0,1,0,0,0,0,1,0,0,0,1,1,0,0,1,1,0,0,34.49,73,51.1,2092.9,0.0,0,1379.6,3472.5,3355,5
0.0002,0,0,0,0,0,0,37,1,0,1,1,0,0,1,1,1,1,0,0,0,1,0,0,1,0,1,0,0,38.43,30,65.6,2313.8,0.0,0,1421.91,3735.71,3183,4
0.0026,0,1,0,0,1,3,14,1,1,1,0,1,0,0,0,0,1,1,0,0,1,1,0,0,1,0,1,0,22.14,11,66.6,979.5,0.0,0,309.96000000000004,1289.46,3516,3
0.0163,0,0,0,0,0,0,37,1,0,0,0,0,0,0,0,0,0,0,0,0,0,0,0,1,0,0,1,0,26.49,0,19.85,784.25,0.0,0,980.13,1764.38,3408,3
0.0,0,1,1,2,1,2,68,1,0,1,0,0,1,1,1,1,0,1,1,1,1,0,0,1,1,0,1,0,21.86,29,103.25,7074.4,0.0,0,1486.48,8560.88,4751,4
0.0009,0,0,0,0,0,0,43,1,1,1,0,0,1,1,1,1,1,1,1,1,1,0,0,1,0,0,1,0,24.85,26,115.05,4895.1,10.76,0,1068.55,5952.89,4115,4
0.0241,0,0,0,0,0,0,6,1,0,0,0,0,0,0,0,0,0,0,0,0,0,1,0,0,1,0,1,0,43.19,0,20.95,109.5,0.0,0,259.14,368.64,5554,3
0.0003,1,0,0,0,0,0,30,1,0,1,0,1,0,1,1,0,0,1,1,0,1,0,1,0,1,1,0,0,38.61,5,74.75,2111.3,0.0,0,1158.3,3269.6000000000004,3033,4
0.0004,0,0,0,0,0,0,48,1,1,1,0,1,0,1,1,1,0,1,1,1,1,0,1,0,1,0,1,0,45.51,27,83.45,3887.85,0.0,0,2184.48,6072.33,4250,4
0.0382,0,1,0,0,1,3,61,1,0,0,0,0,0,0,0,0,0,0,0,0,0,1,0,0,1,0,1,0,46.27,0,19.4,1182.55,0.0,0,2822.4700000000003,4005.02,4221,3
0.0001,0,1,0,0,1,7,36,0,0,1,1,0,0,1,0,1,0,0,0,0,1,0,1,0,0,0,0,1,0.0,23,35.35,1317.95,0.0,0,0.0,1317.95,3314,4
0.0003,1,0,0,0,0,0,46,1,0,1,0,0,1,0,1,1,0,1,0,0,1,0,1,0,1,1,0,0,11.93,26,91.3,4126.35,0.0,0,548.78,4675.13,3191,4
0.9986,0,0,1,1,0,0,15,1,0,1,0,0,1,1,1,0,0,1,1,1,1,1,0,0,1,0,1,0,3.96,20,99.1,1426.4,0.0,0,59.4,1485.8000000000002,2966,1
0.9992,0,0,0,0,0,0,18,1,0,1,0,0,1,1,0,0,0,1,1,1,1,1,0,0,1,1,0,0,35.7,26,96.05,1740.7,0.0,0,642.6,2383.3,5581,1
0.0002,0,1,0,0,1,10,61,1,1,0,0,0,0,0,0,0,0,0,0,0,0,0,0,1,0,0,0,1,20.09,0,24.4,1417.9,0.0,0,1225.49,2643.3900000000003,4900,5
0.6952,1,0,0,0,0,0,5,0,0,1,0,1,0,0,0,0,0,1,1,0,1,1,0,0,0,1,0,0,0.0,15,45.7,198.0,0.0,0,0.0,198.0,3561,3
0.0006,0,0,0,0,0,0,29,0,0,1,1,0,0,0,0,0,1,0,0,0,1,1,0,0,1,1,0,0,0.0,59,31.2,926.2,0.0,0,0.0,926.2,4761,5
0.002,0,1,0,0,1,6,72,1,1,1,0,1,0,1,1,1,1,1,1,1,1,0,0,1,1,1,0,0,42.64,15,90.95,6468.6,0.0,0,3070.08,9538.68,6091,3
0.0004,0,0,0,0,0,0,37,1,1,1,0,0,1,0,0,0,1,1,1,1,1,1,0,0,0,0,1,0,45.06,82,100.3,3541.4,0.0,0,1667.22,5208.62,4040,5
0.0064,0,1,0,0,1,3,55,1,1,1,0,0,1,0,1,0,0,0,0,0,1,1,0,0,1,0,1,0,23.45,53,77.75,4266.4,0.0,0,1289.75,5556.15,4621,3
0.0003,1,1,1,1,1,7,46,1,1,1,0,0,1,1,1,0,1,1,1,0,1,0,0,1,1,1,0,0,20.42,16,110.2,4972.1,0.0,0,939.32,5911.42,4162,3
0.0016,0,0,0,0,0,0,5,1,1,1,0,0,1,0,0,1,1,0,0,0,1,1,0,0,1,1,0,0,29.74,42,82.75,417.75,0.0,0,148.7,566.45,5269,4
0.9994,1,0,0,0,0,0,5,0,0,1,0,1,0,0,1,0,0,0,0,0,1,1,0,0,0,1,0,0,0.0,26,28.45,131.05,0.0,0,0.0,131.05,4099,2
0.0003,0,0,0,0,0,0,31,1,0,1,0,0,1,0,1,1,0,1,1,1,1,1,0,0,1,1,0,0,19.38,76,101.4,3143.65,0.0,0,600.78,3744.43,2025,4
0.9988,0,0,0,0,0,0,8,1,0,1,0,0,1,0,0,0,0,1,0,0,1,1,0,0,1,1,0,0,36.39,7,80.1,679.3,0.0,0,291.12,970.42,5071,1
0.0002,0,1,1,1,1,9,35,1,1,0,0,0,0,0,0,0,0,0,0,0,0,0,0,1,1,0,1,0,32.75,0,25.4,949.8,0.0,0,1146.25,2096.05,5070,3
0.9997,0,1,0,0,1,1,29,1,1,1,0,0,1,0,0,1,0,0,1,1,1,1,0,0,1,1,0,0,4.0,48,89.2,2698.35,0.0,0,116.0,2814.35,5292,1
0.9978,0,0,0,0,0,0,45,1,1,1,0,0,1,0,1,0,0,1,1,1,1,1,0,0,1,0,1,0,14.12,3,100.85,4740.0,0.0,0,635.4,5375.4,4898,1
0.0004,0,0,1,3,0,0,72,0,0,1,1,0,0,1,1,1,1,1,1,1,1,0,0,1,0,0,1,0,0.0,71,67.2,4671.7,0.0,0,0.0,4671.7,5592,3
0.7077,0,1,0,0,1,1,34,1,1,1,0,0,1,0,0,1,0,1,0,0,1,1,0,0,0,1,0,0,40.78,4,87.45,2874.15,0.0,0,1386.52,4260.67,3358,3
0.0001,0,1,1,1,1,7,14,1,0,1,0,0,1,0,0,0,0,0,1,1,1,1,0,0,1,1,0,0,40.22,19,80.9,1152.8,0.0,0,563.0799999999999,1715.88,2563,5
0.0002,0,1,0,0,1,3,48,1,0,1,0,0,1,0,0,1,1,1,1,1,1,1,0,0,1,0,1,0,1.02,2,100.05,4834.0,37.45,0,48.96,4845.51,3468,5
0.0006,0,0,0,0,0,0,17,1,0,0,0,0,0,0,0,0,0,0,0,0,0,0,1,0,1,1,0,0,47.79,0,19.65,351.55,0.0,0,812.43,1163.98,4774,5
0.0014,0,0,0,0,0,0,4,1,1,0,0,0,0,0,0,0,0,0,0,0,0,0,1,0,0,1,0,0,6.36,0,23.9,97.5,0.0,0,25.44,122.94,5685,4
0.0,0,1,1,3,1,7,60,1,0,1,0,1,0,0,1,0,1,1,1,1,1,0,0,1,0,1,0,0,27.2,21,76.95,4543.95,0.0,0,1632.0,6175.95,5053,4
0.6759,0,0,0,0,0,0,3,1,1,1,0,0,1,0,0,0,0,0,0,0,1,1,0,0,0,1,0,0,23.82,24,74.4,215.8,0.0,0,71.46000000000001,287.26,2054,3
0.0004,0,1,1,3,1,5,38,1,0,1,1,0,0,1,1,0,0,0,0,0,1,1,0,0,0,1,0,0,46.27,30,54.5,2076.05,0.0,0,1758.2600000000002,3834.31,5499,3
0.0137,0,0,0,0,0,0,9,1,0,1,1,0,0,1,0,1,1,0,1,1,1,1,0,0,1,1,0,0,32.31,24,68.25,576.95,0.0,0,290.79,867.74,4366,3
0.0001,1,1,0,0,1,7,68,1,1,1,0,0,1,0,0,1,0,0,0,0,1,0,1,0,1,0,1,0,34.31,15,80.35,5589.3,0.0,0,2333.08,7922.38,5581,4
0.999,0,0,0,0,0,0,1,1,0,1,0,1,0,1,1,0,0,0,0,1,1,1,0,0,1,1,0,0,44.36,58,54.9,54.9,0.0,0,44.36,99.26,2833,1
0.0001,0,1,0,0,1,7,71,1,1,1,0,1,0,1,1,1,1,1,1,1,1,0,0,1,0,1,0,0,9.06,30,87.95,6365.35,0.0,0,643.26,7008.610000000001,4278,4
0.0002,0,1,0,0,1,4,32,1,1,1,0,0,1,0,0,0,1,0,0,0,1,0,1,0,1,1,0,0,43.11,18,79.25,2619.15,16.96,0,1379.52,3981.71,2735,5
0.0005,0,1,0,0,1,1,65,1,1,1,0,0,1,0,1,1,1,1,1,1,1,0,0,1,1,1,0,0,27.69,52,107.65,7082.85,0.0,0,1799.85,8882.7,4193,5
0.0007,1,0,0,0,0,0,2,1,0,1,0,1,0,0,0,0,0,0,0,0,1,1,0,0,0,1,0,0,19.09,30,43.95,85.1,0.0,0,38.18,123.28,4057,5
0.0006,0,1,1,3,1,6,3,0,0,1,1,0,0,0,1,0,0,0,1,1,1,1,0,0,0,0,1,0,0.0,53,40.3,92.5,0.0,0,0.0,92.5,5651,4
0.0014,0,0,1,1,0,0,12,1,0,1,1,0,0,1,0,0,0,1,1,1,1,1,0,0,1,0,0,1,27.07,29,69.85,837.5,0.0,0,324.84000000000003,1162.34,5796,3
0.001,1,0,0,0,0,0,7,1,0,1,0,0,1,0,0,0,0,1,1,0,1,0,1,0,1,1,0,0,16.36,28,89.15,574.35,0.0,0,114.52,688.87,2415,5
0.9993,1,0,0,0,0,0,1,1,0,1,0,0,1,0,0,0,0,0,0,0,1,1,0,0,1,1,0,0,33.84,5,69.75,69.75,0.0,0,33.84,103.59,5057,1
0.345,0,0,0,0,0,0,13,0,0,1,1,0,0,0,0,0,0,0,1,1,1,1,0,0,1,1,0,0,0.0,53,35.1,446.1,0.0,0,0.0,446.1,3104,3
0.9997,1,0,0,0,0,0,3,1,1,1,0,0,1,0,0,0,0,0,0,0,1,1,0,0,1,1,0,0,30.25,28,76.05,231.8,0.0,0,90.75,322.55,2930,1
0.0001,0,1,1,2,1,7,66,1,0,1,0,0,1,1,1,1,0,1,1,1,1,0,1,0,1,1,0,0,39.45,19,103.15,7031.3,0.0,0,2603.7000000000003,9635.0,4663,4
0.1045,1,1,1,2,1,1,28,1,1,1,0,1,0,0,0,0,0,0,0,0,0,0,1,0,1,1,0,0,4.71,21,51.0,1381.8,0.0,80,131.88,1593.6799999999998,5195,3
0.9994,0,0,0,0,0,0,1,1,0,1,0,0,1,0,0,0,0,1,1,1,1,1,0,0,1,1,0,0,32.85,53,89.9,89.9,0.0,0,32.85,122.75,5951,1
0.0055,0,1,0,0,1,10,51,1,1,1,0,1,0,0,0,0,1,1,1,1,1,0,0,1,1,1,0,0,9.99,5,75.2,3901.25,0.0,0,509.49,4410.74,4708,3
0.0006,1,1,0,0,1,6,72,1,1,1,0,0,1,1,1,1,1,1,1,0,1,0,0,1,1,0,1,0,14.75,16,116.75,8277.05,0.0,0,1062.0,9339.05,5098,3
0.0028,0,1,1,2,1,1,68,0,0,1,0,1,0,1,1,0,0,1,0,0,1,0,1,0,0,0,1,0,0.0,19,44.8,2983.65,0.0,0,0.0,2983.65,4112,3
0.9993,1,0,0,0,0,0,8,1,0,1,0,0,1,0,1,0,0,0,0,0,1,1,0,0,1,1,0,0,1.78,7,74.5,606.55,0.0,0,14.24,620.79,4345,2
0.0001,0,1,1,2,1,5,35,1,0,0,0,0,0,0,0,0,0,0,0,0,0,0,0,1,0,0,1,0,15.41,0,19.7,730.4,0.0,0,539.35,1269.75,5636,4
0.0005,0,0,0,0,0,0,40,1,1,1,0,1,0,0,0,1,1,1,1,1,1,0,1,0,1,0,1,0,33.83,19,80.75,3208.65,0.0,0,1353.1999999999998,4561.85,2047,4
0.9992,1,0,0,0,0,0,32,1,0,1,0,0,1,0,1,0,0,0,0,0,1,1,0,0,1,1,0,0,33.22,9,74.4,2276.95,44.31,0,1063.04,3295.68,2091,1
0.9995,0,0,0,0,0,0,30,1,0,1,0,0,1,0,0,0,1,1,0,0,1,1,0,0,0,1,0,0,9.34,8,85.15,2555.9,0.0,0,280.2,2836.1,4417,2
0.0019,0,1,1,3,0,0,35,1,1,1,0,1,0,1,1,0,0,0,0,0,1,1,0,0,1,0,1,0,39.11,23,59.45,2136.9,0.0,0,1368.85,3505.75,3682,3
0.0042,0,1,0,0,1,2,57,0,0,1,0,1,0,1,0,1,1,0,1,1,1,1,0,0,1,1,0,0,0.0,14,49.9,2782.4,0.0,0,0.0,2782.4,5866,3
0.0003,0,0,0,0,0,0,12,1,0,1,0,1,0,0,0,0,0,0,0,0,1,1,0,0,1,1,0,0,31.22,12,45.05,523.1,0.0,0,374.64,897.74,5624,4
0.0652,0,0,0,0,0,0,1,1,0,0,0,0,0,0,0,0,0,0,0,0,0,1,0,0,0,0,1,0,40.46,0,20.25,20.25,0.0,0,40.46,60.71,5384,3
0.0005,0,0,0,0,0,0,46,1,1,1,0,0,1,0,1,1,0,0,1,1,1,0,1,0,1,1,0,0,33.18,3,94.15,4408.45,0.0,0,1526.28,5934.73,3924,5
0.0304,0,1,0,0,1,8,37,1,1,1,0,0,1,0,0,1,1,1,0,0,1,0,0,1,0,0,1,0,13.13,58,94.3,3460.95,0.0,0,485.81,3946.76,2615,3
0.0067,0,1,1,2,1,6,2,0,0,1,0,1,0,0,1,0,0,0,0,0,1,1,0,0,1,0,0,1,0.0,20,30.25,63.75,0.0,0,0.0,63.75,4387,3
0.0002,0,0,0,0,0,0,52,0,0,1,0,1,0,1,1,1,1,1,1,1,1,0,0,1,0,0,1,0,0.0,18,63.9,3334.95,0.0,0,0.0,3334.95,5380,4
0.9984,0,1,0,0,1,4,67,1,1,1,0,0,1,0,1,1,0,1,1,1,1,0,1,0,0,1,0,0,8.18,3,104.1,7040.85,0.0,0,548.06,7588.91,4857,2
0.9915,1,1,0,0,1,1,2,1,1,1,0,0,1,0,0,1,0,0,0,0,1,1,0,0,0,1,0,0,17.73,18,79.2,172.85,0.0,0,35.46,208.31,4225,3
0.0001,0,0,0,0,0,0,68,1,1,1,0,1,0,1,1,1,0,0,1,1,1,0,1,0,0,0,1,0,20.29,29,76.75,5233.25,0.0,0,1379.72,6612.97,5395,4
0.9991,0,0,0,0,0,0,1,1,0,0,0,0,0,0,0,0,0,0,0,0,0,1,0,0,0,0,0,1,17.25,0,19.65,19.65,0.0,0,17.25,36.9,5717,2
0.0002,0,1,0,0,1,1,66,0,0,1,0,1,0,1,1,1,1,1,0,0,1,0,0,1,1,1,0,0,0.0,29,56.6,3789.2,0.0,0,0.0,3789.2,5500,4
0.6169,1,0,0,0,0,0,10,1,0,1,0,0,1,0,0,1,0,0,1,1,1,1,0,0,1,0,1,0,16.85,30,84.6,865.55,0.0,0,168.5,1034.05,3320,3
0.9991,0,0,0,0,0,0,5,1,0,1,0,1,0,0,0,1,0,1,1,1,0,0,1,0,1,0,1,0,45.25,22,70.0,347.4,0.0,10,226.25,583.65,2673,2
0.0009,0,1,1,2,1,1,30,1,0,1,0,1,0,1,0,0,1,0,1,1,1,1,0,0,0,1,0,0,16.48,17,66.3,1923.5,0.0,0,494.4,2417.9,4631,3
0.0011,0,0,0,0,0,0,1,0,0,1,1,0,0,0,0,0,0,0,0,0,1,1,0,0,1,0,1,0,0.0,13,24.9,24.9,0.0,0,0.0,24.9,5318,4
0.043,0,0,0,0,0,0,2,1,1,0,0,0,0,0,0,0,0,0,0,0,0,1,0,0,0,0,1,0,40.25,0,24.85,62.0,0.0,0,80.5,142.5,5983,3
0.0415,0,0,0,0,0,0,9,1,0,0,0,0,0,0,0,0,0,0,0,0,0,1,0,0,0,0,1,0,40.74,0,19.85,178.8,0.0,0,366.66,545.46,2788,3
0.0004,0,0,0,0,0,0,1,1,0,1,1,0,0,0,0,0,0,1,1,1,1,1,0,0,1,0,1,0,42.19,29,62.8,62.8,0.0,0,42.19,104.99,2438,5
0.0096,0,0,0,0,0,0,9,1,0,1,0,1,0,1,0,1,1,1,0,1,1,1,0,0,1,0,1,0,34.43,51,69.5,653.25,0.0,0,309.87,963.12,3628,3
0.0182,0,0,1,2,0,0,33,0,0,1,1,0,0,1,0,0,1,0,0,0,1,0,1,0,0,0,1,0,0.0,12,34.05,1113.95,0.0,0,0.0,1113.95,3044,3
0.9995,0,0,0,0,0,0,24,1,0,1,0,0,1,0,0,0,0,1,1,1,1,1,0,0,1,1,0,0,32.49,23,90.35,2238.5,0.0,0,779.76,3018.26,5546,1
0.0003,0,0,0,0,0,0,55,1,1,1,0,0,1,0,0,0,0,0,0,0,1,1,0,0,1,1,0,0,8.93,26,73.1,4144.9,0.0,0,491.15,4636.049999999999,5832,4
0.0001,0,1,0,0,1,3,71,1,0,1,1,0,0,1,0,1,1,0,1,1,1,0,0,1,1,0,1,0,2.43,58,70.85,4973.4,0.0,0,172.53,5145.929999999999,5328,4
0.0006,0,1,1,1,1,3,52,1,0,1,0,0,1,0,1,1,1,0,0,0,1,1,0,0,0,1,0,0,16.87,24,85.8,4433.3,0.0,0,877.24,5310.54,5494,3
0.9996,0,0,0,0,0,0,17,1,1,1,0,0,1,1,1,0,0,1,0,0,1,1,0,0,1,1,0,0,21.82,23,94.4,1617.5,0.0,0,370.94,1988.44,2825,1
0.9989,0,0,0,0,0,0,12,1,1,1,0,0,1,1,0,0,0,0,0,0,1,1,0,0,1,1,0,0,35.8,25,78.3,909.25,0.0,0,429.6,1338.85,3545,1
0.0,0,1,1,3,1,6,23,1,0,1,0,0,1,0,0,1,0,0,0,0,1,1,0,0,1,0,1,0,48.73,75,75.3,1702.9,0.0,0,1120.79,2823.69,5903,5
0.9983,0,1,0,0,1,1,67,1,1,1,0,0,1,1,0,1,1,1,1,1,1,0,0,1,1,0,1,0,32.15,28,108.75,7156.2,0.0,0,2154.05,9310.25,5516,1
0.0001,0,1,0,0,1,6,72,1,0,0,0,0,0,0,0,0,0,0,0,0,0,0,0,1,0,0,1,0,43.91,0,20.5,1502.25,0.0,0,3161.5199999999995,4663.77,6302,4
0.0007,0,1,0,0,1,1,71,1,1,1,0,0,1,0,1,0,1,1,1,1,1,0,0,1,1,0,1,0,3.86,85,104.15,7365.3,0.0,0,274.06,7639.360000000001,5973,4
0.9993,1,1,0,0,1,1,13,1,0,1,0,0,1,0,1,0,1,0,1,0,1,1,0,0,1,1,0,0,1.47,5,89.05,1169.35,0.0,0,19.11,1188.4599999999998,3861,1
0.0001,0,1,1,3,1,5,55,1,0,0,0,0,0,0,0,0,0,0,0,0,0,0,1,0,0,0,1,0,36.23,0,19.5,1026.35,0.0,0,1992.65,3019.0,5067,4
0.0109,0,0,0,0,0,0,34,1,1,1,0,0,1,1,1,1,1,1,1,1,1,0,1,0,0,0,1,0,22.41,13,116.25,3899.05,0.0,0,761.94,4660.99,4022,3
0.0005,1,0,0,0,0,0,45,1,0,1,0,0,1,1,1,0,1,0,0,0,0,1,0,0,1,1,0,0,4.14,20,85.7,3778.1,0.0,50,186.3,4014.4,5397,4
0.2389,0,0,0,0,0,0,39,1,1,1,0,0,1,0,0,0,0,0,0,0,1,1,0,0,0,1,0,0,36.17,5,75.25,3017.65,0.0,0,1410.63,4428.280000000001,4696,3
0.0006,0,1,0,0,1,4,14,1,0,1,0,1,0,0,0,0,1,0,0,0,1,1,0,0,0,1,0,0,21.34,24,48.8,664.4,0.0,0,298.76,963.16,2168,5
0.0008,0,1,0,0,1,3,72,1,1,1,1,0,0,1,1,1,1,0,1,1,1,0,0,1,0,0,1,0,45.05,9,79.55,5810.9,0.0,0,3243.6,9054.5,4766,3
0.0024,0,0,0,0,0,0,15,0,0,1,0,1,0,1,1,1,1,0,0,0,1,0,1,0,0,0,1,0,0.0,25,45.9,693.45,16.27,0,0.0,677.1800000000001,3572,3
0.9977,0,0,0,0,0,0,12,1,1,1,0,1,0,1,0,1,1,0,0,0,1,1,0,0,1,0,0,1,36.24,30,61.65,713.75,0.0,0,434.88,1148.63,5670,1
0.0009,0,1,0,0,1,1,2,1,0,1,1,0,0,0,0,1,0,1,1,1,1,1,0,0,0,0,1,0,27.41,23,69.0,147.8,0.0,0,54.82,202.62,2798,4
0.9997,0,1,0,0,1,1,19,1,1,1,0,0,1,0,0,0,0,0,1,1,0,1,0,0,1,1,0,0,14.09,25,83.65,1465.75,0.0,130,267.71,1863.46,3427,2
0.9998,0,1,1,3,1,1,2,1,1,1,0,1,0,1,0,0,0,0,0,0,1,1,0,0,0,0,1,0,5.67,53,56.7,113.55,0.0,0,11.34,124.89,5560,1
0.0002,0,1,1,2,1,4,41,1,1,1,1,0,0,1,1,1,0,1,0,0,1,1,0,0,1,0,1,0,28.55,20,74.55,3023.55,0.0,0,1170.55,4194.1,2748,3
0.0014,0,0,0,0,0,0,1,1,0,1,0,0,1,0,0,0,1,0,0,0,1,1,0,0,0,1,0,0,23.7,25,74.0,74.0,0.0,0,23.7,97.7,4148,4
0.0004,0,0,0,0,0,0,1,1,0,0,0,0,0,0,0,0,0,0,0,0,0,1,0,0,1,0,1,0,10.22,0,19.75,19.75,0.0,0,10.22,29.97,4441,5
0.0,0,1,1,2,1,5,72,1,1,1,1,0,0,1,1,1,1,0,1,1,0,0,0,1,0,1,0,0,9.72,15,80.85,5824.75,0.0,10,699.84,6534.59,6317,4
0.5046,0,0,0,0,0,0,31,0,0,1,0,1,0,0,0,1,0,1,1,1,1,0,1,0,1,1,0,0,0.0,5,50.05,1523.4,0.0,0,0.0,1523.4,4529,3
0.9993,0,0,0,0,0,0,38,1,1,1,0,0,1,0,0,1,0,1,1,1,1,1,0,0,1,1,0,0,31.27,85,99.25,3777.15,0.0,0,1188.26,4965.41,5274,1
0.998,0,1,0,0,0,0,65,1,1,1,0,0,1,1,0,1,1,1,1,1,1,0,0,1,0,1,0,0,41.88,7,108.65,6937.95,0.0,0,2722.2000000000003,9660.15,6120,1
0.9983,0,0,0,0,0,0,6,1,0,1,0,1,0,1,1,0,0,0,0,0,1,1,0,0,0,1,0,0,17.18,22,56.25,389.1,0.0,0,103.08,492.18,4110,1
0.0003,0,0,0,0,0,0,2,1,0,0,0,0,0,0,0,0,0,0,0,0,0,1,0,0,0,0,1,0,1.97,0,19.75,39.3,0.0,0,3.94,43.24,4064,4
0.0001,0,1,0,0,1,6,11,1,0,0,0,0,0,0,0,0,0,0,0,0,0,0,1,0,1,0,1,0,26.11,0,20.55,184.95,0.0,0,287.21,472.16,3971,5
0.9995,1,1,0,0,1,1,32,1,1,1,0,0,1,0,0,0,0,0,1,1,1,1,0,0,1,1,0,0,5.99,23,85.0,2642.05,49.57,0,191.68,2784.16,4584,1
0.0008,0,0,0,0,0,0,8,1,1,1,0,0,1,0,0,0,0,0,0,0,1,1,0,0,1,1,0,0,11.58,7,74.85,572.45,0.0,0,92.64,665.09,5514,4
0.0003,1,1,0,0,1,4,65,1,1,1,0,0,1,0,1,1,0,1,1,0,1,0,0,1,1,1,0,0,48.53,9,108.8,7082.45,21.52,0,3154.4500000000003,10215.38,5225,5
0.108,0,0,0,0,0,0,10,1,0,1,0,0,1,1,0,1,0,1,1,1,1,0,1,0,1,1,0,0,46.33,26,98.9,1064.95,0.0,0,463.2999999999999,1528.25,4614,3
0.0004,0,0,0,0,0,0,56,1,0,1,0,1,0,0,1,1,1,1,1,1,1,0,0,1,1,0,1,0,49.36,21,81.8,4534.45,0.0,0,2764.16,7298.61,4399,5
0.999,0,0,0,0,0,0,1,1,0,1,0,0,1,0,0,0,0,0,0,0,0,1,0,0,1,0,1,0,42.87,8,70.45,70.45,0.0,10,42.87,123.32,3525,1
0.0001,0,1,0,0,1,3,46,0,0,1,0,1,0,1,1,0,0,1,0,0,1,1,0,0,0,1,0,0,0.0,30,45.55,2062.15,0.0,0,0.0,2062.15,5565,4
0.0109,0,0,0,0,0,0,5,1,0,1,0,1,0,1,0,1,0,0,0,0,1,1,0,0,1,0,1,0,41.29,51,55.8,274.35,0.0,0,206.45,480.8,2612,3
0.0001,0,1,1,3,1,3,5,1,0,1,1,0,0,1,0,0,0,0,0,0,0,1,0,0,1,0,0,1,47.06,52,49.4,232.55,0.0,10,235.3,477.85,5756,4
0.0005,0,0,0,0,0,0,11,1,0,0,0,0,0,0,0,0,0,0,0,0,0,0,1,0,0,0,0,1,33.48,0,19.5,226.8,0.0,0,368.28,595.0799999999999,5825,4
0.9641,0,0,0,0,0,0,1,1,1,1,0,0,1,0,0,0,0,0,1,1,1,1,0,0,1,1,0,0,30.52,30,85.0,85.0,0.0,0,30.52,115.52,5679,3
0.9998,0,1,0,0,1,1,6,1,0,1,0,0,1,0,1,0,0,0,1,1,1,1,0,0,1,0,1,0,26.91,6,83.55,477.55,0.0,0,161.46,639.01,4242,1
0.9989,0,0,0,0,0,0,3,1,0,1,0,0,1,0,0,0,0,1,0,0,0,1,0,0,0,1,0,0,49.76,3,79.25,267.6,0.0,10,149.28,426.88,4183,2
0.0004,0,0,0,0,0,0,9,1,1,1,1,0,0,0,0,0,0,0,1,1,0,1,0,0,0,0,1,0,10.69,10,59.9,542.4,38.33,10,96.21,610.28,5414,5
0.0004,0,0,0,0,0,0,27,1,0,0,0,0,0,0,0,0,0,0,0,0,0,1,0,0,1,0,1,0,2.59,0,19.4,460.25,29.59,0,69.92999999999999,500.59,5975,4
0.3423,1,1,0,0,1,1,53,1,0,1,0,0,1,0,1,1,1,1,0,0,1,0,1,0,1,1,0,0,47.64,25,94.0,4871.45,0.0,0,2524.92,7396.37,6355,3
0.9997,0,0,0,0,0,0,2,0,0,1,0,1,0,1,1,0,0,0,1,1,1,1,0,0,1,1,0,0,0.0,21,42.6,72.4,0.0,0,0.0,72.4,4648,2
0.0002,0,1,0,0,1,7,59,1,1,1,0,0,1,1,1,1,0,1,1,1,1,0,1,0,1,0,1,0,40.47,4,109.15,6557.75,0.0,0,2387.73,8945.48,5186,4
0.0001,0,0,1,3,0,0,49,1,0,0,0,0,0,0,0,0,0,0,0,0,0,0,0,1,0,0,1,0,31.7,0,20.45,1024.65,0.0,0,1553.3,2577.95,4784,4
0.0041,0,0,1,3,0,0,19,1,0,1,0,1,0,1,1,1,0,0,0,0,1,1,0,0,1,1,0,0,36.48,20,60.6,1297.8,0.0,0,693.1199999999999,1990.92,2463,3
0.475,1,1,0,0,1,1,33,0,0,1,0,1,0,0,1,1,1,1,0,0,1,0,0,1,1,1,0,0,0.0,4,50.0,1750.85,0.0,0,0.0,1750.85,5600,3
0.999,0,0,0,0,0,0,58,1,1,1,0,0,1,0,1,1,0,1,1,1,1,0,1,0,1,1,0,0,44.5,47,103.25,6017.65,0.0,0,2581.0,8598.65,6105,1
0.0092,0,0,0,0,0,0,6,1,0,1,0,1,0,1,1,0,0,0,0,0,1,1,0,0,1,1,0,0,3.16,41,55.7,335.65,0.0,0,18.96,354.61,2482,3
0.0001,0,0,1,2,0,0,9,1,0,0,0,0,0,0,0,0,0,0,0,0,0,1,0,0,0,0,1,0,45.83,0,20.4,184.1,0.0,0,412.47,596.5699999999999,4195,4
0.0332,0,0,0,0,0,0,19,1,0,0,0,0,0,0,0,0,0,0,0,0,0,0,1,0,0,0,1,0,17.17,0,18.8,279.2,0.0,0,326.23,605.4300000000001,2916,3
0.8099,0,1,0,0,1,1,30,1,1,1,0,0,1,0,0,0,0,1,1,1,1,1,0,0,1,0,1,0,10.5,22,94.05,2866.45,0.0,0,315.0,3181.45,4095,3
0.0,0,1,1,3,1,1,72,1,1,1,0,1,0,1,1,1,1,1,1,1,1,0,0,1,1,1,0,0,44.61,53,87.55,6463.15,0.0,0,3211.92,9675.07,5341,4
0.0002,0,1,0,0,1,1,72,1,1,1,0,1,0,1,1,1,1,1,1,1,1,0,0,1,0,1,0,0,38.28,24,88.05,6520.8,29.11,0,2756.16,9247.85,6247,4
0.9995,0,1,0,0,1,1,8,1,0,1,0,0,1,0,0,1,0,1,1,1,1,1,0,0,1,1,0,0,38.83,76,94.2,777.3,0.0,0,310.64,1087.94,2939,1
0.9995,1,1,0,0,1,2,55,1,1,1,0,0,1,0,1,1,0,0,0,0,0,1,0,0,1,1,0,0,42.82,27,85.45,4874.7,0.0,90,2355.1,7319.799999999999,5502,1
0.8343,0,1,0,0,1,1,30,1,1,1,0,0,1,0,1,0,1,1,0,0,1,1,0,0,1,0,1,0,7.01,24,94.1,2804.45,0.0,0,210.3,3014.75,5255,3
0.0001,1,1,0,0,1,3,72,1,1,1,1,0,0,1,1,1,0,1,1,0,1,0,0,1,0,0,1,0,16.72,9,84.45,5899.85,0.0,0,1203.84,7103.6900000000005,5856,3
0.0001,0,1,0,0,1,9,71,1,1,1,0,1,0,0,1,1,1,1,1,1,1,0,0,1,1,0,1,0,13.41,18,83.3,5894.5,37.44,0,952.11,6809.17,4264,4
0.0087,0,0,0,0,0,0,9,1,0,1,1,0,0,1,0,0,1,0,1,1,1,1,0,0,0,0,1,0,27.53,11,64.95,547.8,0.0,0,247.77,795.5699999999999,3013,3
0.0,0,1,1,1,1,6,64,1,1,0,0,0,0,0,0,0,0,0,0,0,0,0,1,0,0,0,1,0,19.23,0,24.9,1595.5,0.0,0,1230.72,2826.2200000000003,5038,4
0.0001,0,1,0,0,1,3,68,1,1,1,0,0,1,0,1,1,1,0,0,0,1,0,0,1,0,0,1,0,3.41,26,90.2,6297.65,0.0,0,231.88,6529.53,4095,4
0.6965,0,0,0,0,0,0,12,1,1,1,0,0,1,0,1,0,0,1,0,0,1,1,0,0,1,1,0,0,14.38,6,89.75,1052.4,0.0,0,172.56,1224.96,5671,3
0.0849,0,0,0,0,0,0,5,1,0,0,0,0,0,0,0,0,0,0,0,0,0,1,0,0,1,0,1,0,41.93,0,19.65,92.05,0.0,0,209.65,301.7,2878,3
0.0003,0,1,0,0,1,4,6,1,1,0,0,0,0,0,0,0,0,0,0,0,0,0,1,0,0,0,0,1,47.29,0,25.1,171.0,0.0,0,283.74,454.74,5161,4
0.0001,0,1,1,1,1,1,71,1,1,1,0,0,1,0,1,0,0,1,1,1,1,0,1,0,0,1,0,0,28.34,59,100.55,7113.75,16.99,0,2012.14,9108.9,5876,5
0.0002,0,0,1,2,0,0,39,1,1,0,0,0,0,0,0,0,0,0,0,0,0,0,1,0,0,1,0,0,46.57,0,25.45,958.45,0.0,0,1816.23,2774.6800000000003,5986,5
0.4943,0,0,0,0,0,0,7,1,0,1,0,0,1,0,0,1,0,0,0,0,0,1,0,0,1,1,0,0,30.06,10,75.15,525.0,0.0,10,210.42,745.42,4216,3
0.9994,1,0,0,0,0,0,13,1,1,1,0,0,1,0,0,0,0,0,1,0,1,1,0,0,1,1,0,0,4.45,25,82.0,1127.2,0.0,0,57.85,1185.05,3363,2
0.9983,0,1,1,3,1,1,6,1,0,1,1,0,0,1,1,0,0,0,0,0,0,1,0,0,0,0,1,0,14.51,20,55.9,365.35,0.0,30,87.06,482.41,4914,1
0.0002,0,1,1,1,1,4,69,1,0,1,0,1,0,1,1,1,0,0,0,0,1,0,0,1,1,1,0,0,49.4,12,59.75,4069.9,0.0,0,3408.6,7478.5,4665,3
0.9994,0,0,0,0,0,0,3,1,1,1,1,0,0,0,0,1,0,1,1,1,0,1,0,0,1,1,0,0,11.94,30,100.95,329.95,0.0,10,35.82,375.77,5351,1
0.0009,0,0,0,0,0,0,71,1,1,1,0,0,1,1,0,0,1,0,1,1,1,0,1,0,0,0,1,0,16.57,5,97.65,6687.85,0.0,0,1176.47,7864.320000000001,5319,3
0.0002,0,1,1,2,1,1,29,1,0,1,0,0,1,0,0,0,0,1,1,1,1,1,0,0,1,0,1,0,33.62,13,87.8,2621.75,0.0,0,974.98,3596.73,4780,4
0.9988,1,1,0,0,1,1,51,1,1,1,0,0,1,1,0,0,0,0,0,0,1,1,0,0,1,1,0,0,17.87,9,77.5,3807.35,0.0,0,911.37,4718.72,5748,1
0.0003,0,1,0,0,1,3,46,1,0,0,0,0,0,0,0,0,0,0,0,0,0,1,0,0,0,1,0,0,16.07,0,19.6,851.2,0.0,0,739.22,1590.42,5092,5
0.0001,0,1,1,2,1,4,70,1,1,0,0,0,0,0,0,0,0,0,0,0,0,0,0,1,0,0,1,0,4.27,0,24.05,1764.75,0.0,0,298.9,2063.65,4722,5
0.0005,0,0,0,0,0,0,57,1,0,0,0,0,0,0,0,0,0,0,0,0,0,0,0,1,0,1,0,0,1.69,0,20.65,1125.6,0.0,0,96.33,1221.9299999999998,4193,5
0.0004,0,0,0,0,0,0,29,0,0,1,0,1,0,0,1,0,1,0,0,0,1,1,0,0,0,1,0,0,0.0,27,34.3,1004.75,0.0,0,0.0,1004.75,2555,5
0.0012,0,1,1,1,1,3,71,1,1,1,0,0,1,1,1,1,1,0,0,0,0,0,1,0,1,0,1,0,34.53,19,95.15,6770.85,0.0,0,2451.63,9222.48,5647,3
0.9995,1,1,0,0,0,0,52,1,1,1,0,0,1,1,0,1,0,1,1,1,1,1,0,0,1,1,0,0,37.6,23,104.2,5568.35,0.0,0,1955.2,7523.55,5648,1
0.0073,0,1,1,3,1,1,25,1,1,0,0,0,0,0,0,0,0,0,0,0,0,0,0,1,0,0,1,0,23.69,0,25.5,630.6,44.42,0,592.25,1178.43,5230,3
0.0023,0,1,0,0,1,4,72,1,1,1,0,1,0,1,1,1,1,1,1,1,1,0,0,1,1,0,1,0,47.66,19,88.7,6301.7,0.0,0,3431.5199999999995,9733.22,5764,3
0.0752,0,0,0,0,0,0,46,1,0,1,0,0,1,0,0,1,0,0,0,0,1,1,0,0,1,0,1,0,42.44,69,74.8,3548.3,0.0,0,1952.24,5500.54,3395,3
0.0004,0,0,0,0,0,0,9,1,0,1,0,0,1,0,0,0,1,1,0,0,1,1,0,0,0,1,0,0,46.34,59,86.25,770.5,0.0,0,417.06000000000006,1187.56,4754,5
0.196,0,0,0,0,0,0,6,0,0,1,1,0,0,0,0,0,1,1,1,1,1,0,1,0,1,0,1,0,0.0,48,49.25,255.6,0.0,0,0.0,255.6,2979,3
0.999,0,0,0,0,0,0,1,1,0,1,0,0,1,0,1,0,0,0,0,0,1,1,0,0,1,0,1,0,39.66,8,74.3,74.3,0.0,0,39.66,113.96,5996,1
0.0055,0,0,0,0,0,0,32,1,1,1,0,0,1,1,0,0,1,0,0,0,0,1,0,0,0,1,0,0,6.2,25,87.65,2766.4,47.87,150,198.4,3066.9300000000003,2426,3
0.9997,1,0,0,0,0,0,4,1,1,1,0,0,1,0,0,0,0,1,1,1,1,1,0,0,1,1,0,0,49.5,23,94.3,424.45,0.0,0,198.0,622.45,5419,2
0.0002,0,1,0,0,1,7,59,1,1,1,0,0,1,1,1,1,1,0,1,1,0,0,1,0,1,0,1,0,41.15,48,107.0,6152.3,0.0,0,2427.85,8580.15,4620,4
0.9994,1,0,0,0,0,0,49,1,1,1,0,0,1,0,0,1,0,0,1,0,1,1,0,0,1,0,1,0,44.88,15,90.85,4515.85,0.0,0,2199.1200000000003,6714.970000000001,5651,2
0.0025,0,1,0,0,1,8,7,1,0,1,0,0,1,0,0,0,0,0,0,0,1,1,0,0,1,1,0,0,41.22,73,69.2,477.55,0.0,0,288.54,766.0899999999999,2551,3
0.0822,0,0,0,0,0,0,38,1,0,1,0,0,1,0,0,0,0,0,0,0,1,1,0,0,1,0,1,0,35.04,2,69.5,2625.25,20.19,0,1331.52,3936.58,4591,3
0.0009,0,0,0,0,0,0,34,1,0,1,0,1,0,1,0,1,0,0,0,0,1,0,1,0,0,0,0,1,17.09,16,56.95,1889.5,0.0,0,581.06,2470.56,3441,3
0.0524,0,1,0,0,0,0,49,1,0,0,0,0,0,0,0,0,0,0,0,0,0,0,1,0,0,0,1,0,29.18,0,20.7,1032.05,0.0,0,1429.82,2461.87,4074,3
0.0087,0,1,0,0,1,1,67,1,0,1,0,1,0,1,1,1,0,1,1,1,1,0,0,1,0,0,1,0,45.25,18,81.35,5398.6,0.0,0,3031.75,8430.35,4219,3
0.0001,0,0,1,2,0,0,66,1,0,0,0,0,0,0,0,0,0,0,0,0,0,0,0,1,0,0,1,0,20.63,0,20.55,1357.1,17.14,0,1361.58,2701.54,4101,4
0.0625,0,0,0,0,0,0,2,1,0,0,0,0,0,0,0,0,0,0,0,0,0,0,1,0,0,0,1,0,15.79,0,19.3,28.3,0.0,0,31.58,59.88,2279,3
0.0003,0,0,0,0,0,0,41,1,0,0,0,0,0,0,0,0,0,0,0,0,0,0,0,1,0,0,0,1,10.09,0,20.0,810.3,0.0,0,413.69,1223.99,5913,4
0.0013,0,0,0,0,0,0,31,1,0,1,0,0,1,1,0,1,1,0,0,0,0,1,0,0,0,1,0,0,40.92,20,87.6,2724.25,0.0,70,1268.52,4062.77,5094,4
0.9996,0,1,0,0,1,1,9,1,0,1,1,0,0,1,1,1,1,0,0,0,1,1,0,0,0,0,0,1,6.35,69,65.0,663.05,0.0,0,57.15,720.1999999999999,3983,1
0.0009,0,1,1,1,1,1,61,1,1,1,0,1,0,1,1,0,0,0,0,0,0,1,0,0,0,1,0,0,26.7,30,59.8,3641.5,0.0,100,1628.7,5370.2,5381,3
0.0005,0,1,1,1,1,7,41,1,1,1,0,0,1,1,1,1,0,0,1,1,1,0,1,0,1,1,0,0,14.73,82,101.6,3930.55,0.0,0,603.9300000000001,4534.4800000000005,3275,3
0.9998,0,1,0,0,1,1,67,1,1,1,1,0,0,0,1,1,0,0,0,0,1,0,1,0,0,1,0,0,28.4,10,87.4,5918.8,0.0,0,1902.8,7821.6,4421,2
0.0177,0,0,0,0,0,0,3,1,0,1,0,1,0,1,0,0,0,0,0,0,1,1,0,0,1,0,1,0,17.42,59,50.15,160.85,0.0,0,52.260000000000005,213.11,2085,3
0.8466,1,0,0,0,0,0,3,0,0,1,0,1,0,0,0,0,0,0,0,0,1,1,0,0,0,1,0,0,0.0,30,25.3,77.75,0.0,0,0.0,77.75,3542,3
0.0411,0,0,0,0,0,0,72,1,1,1,1,0,0,0,1,1,1,1,1,1,1,0,0,1,0,1,0,0,8.29,13,86.6,6350.5,0.0,0,596.8799999999999,6947.38,4530,3
0.0001,0,1,1,1,1,5,29,1,0,0,0,0,0,0,0,0,0,0,0,0,0,0,0,1,0,0,1,0,34.44,0,20.2,558.8,0.0,0,998.76,1557.56,2784,3
0.0001,0,1,1,3,1,9,53,1,1,1,0,1,0,1,1,0,0,0,1,1,1,0,0,1,0,1,0,0,27.93,57,69.7,3686.05,0.0,0,1480.29,5166.34,4975,3
0.0008,0,0,0,0,0,0,60,1,1,1,0,0,1,0,0,1,0,1,0,0,1,0,0,1,1,1,0,0,7.1,10,89.55,5231.2,0.0,0,426.0,5657.2,5874,5
0.0001,0,1,1,1,1,7,15,1,0,1,0,0,1,1,0,0,0,0,0,0,1,1,0,0,0,0,0,1,32.73,17,75.1,1151.55,0.0,0,490.94999999999993,1642.5,4634,4
0.1939,0,0,0,0,0,0,2,1,0,1,0,0,1,1,1,0,0,1,0,0,0,1,0,0,1,1,0,0,46.78,12,91.15,168.5,0.0,10,93.56,272.06,2686,3
0.9995,1,0,0,0,0,0,16,1,0,1,0,0,1,0,0,0,1,1,1,1,1,1,0,0,1,1,0,0,9.43,9,94.45,1511.2,0.0,0,150.88,1662.08,3810,1
0.0005,0,0,0,0,0,0,3,1,0,1,0,1,0,0,0,0,1,0,0,0,1,1,0,0,1,0,0,1,26.38,25,50.5,147.75,0.0,0,79.14,226.89,5258,4
0.0002,0,0,0,0,0,0,24,1,1,0,0,0,0,0,0,0,0,0,0,0,0,0,0,1,0,0,1,0,26.64,0,25.15,553.0,0.0,0,639.36,1192.36,3904,5
0.0055,0,0,0,0,0,0,18,1,0,0,0,0,0,0,0,0,0,0,0,0,0,0,0,1,0,0,1,0,26.26,0,20.05,388.6,0.0,0,472.68,861.28,2782,3
0.0039,0,1,1,1,1,1,34,1,0,0,0,0,0,0,0,0,0,0,0,0,0,1,0,0,0,0,1,0,44.54,0,20.8,635.9,46.07,0,1514.36,2104.19,4985,3
0.1996,0,0,1,1,0,0,1,1,1,0,0,0,0,0,0,0,0,0,0,0,0,1,0,0,0,0,0,1,32.73,0,25.4,25.4,0.0,0,32.73,58.13,4556,3
0.0001,0,1,0,0,1,10,49,1,1,1,0,0,1,1,1,1,1,0,1,1,1,0,0,1,0,0,1,0,40.67,12,106.65,5174.35,0.0,0,1992.83,7167.18,5948,4
0.004,0,1,1,3,1,1,72,1,1,0,0,0,0,0,0,0,0,0,0,0,0,0,0,1,0,1,0,0,39.3,0,25.2,1787.35,0.0,0,2829.6,4616.95,4382,3
0.9989,1,0,1,1,0,0,27,1,1,1,0,0,1,0,0,1,0,0,0,0,0,1,0,0,1,1,0,0,3.33,18,78.05,2135.5,0.0,10,89.91,2235.41,4638,1
0.0016,0,1,1,3,1,1,62,1,0,1,0,0,1,1,1,0,0,0,0,0,1,0,1,0,1,0,1,0,39.67,41,81.45,4983.05,14.15,0,2459.54,7428.44,5179,3
0.0065,0,0,1,2,0,0,21,1,1,1,0,0,1,1,0,0,0,0,0,0,1,1,0,0,0,1,0,0,13.39,24,80.35,1747.2,0.0,0,281.19,2028.39,4579,3
0.998,0,0,0,0,0,0,1,1,0,0,0,0,0,0,0,0,0,0,0,0,0,1,0,0,0,0,0,1,46.77,0,20.0,20.0,0.0,0,46.77,66.77000000000001,3657,2
0.9993,0,1,0,0,1,1,4,1,0,1,0,0,1,0,0,0,0,0,1,1,0,1,0,0,0,1,0,0,44.28,59,80.85,302.75,0.0,40,177.12,519.87,2961,1
0.1544,0,0,0,0,0,0,35,1,0,1,0,0,1,0,1,1,0,1,1,1,1,0,1,0,1,1,0,0,39.84,48,102.35,3626.1,0.0,0,1394.4,5020.5,2473,3
0.0001,0,0,1,2,0,0,53,1,0,1,1,0,0,1,1,0,1,0,0,0,1,0,1,0,0,0,1,0,47.81,59,62.85,3419.5,0.0,0,2533.9300000000003,5953.43,6281,4
0.9989,0,0,0,0,0,0,1,1,1,1,0,1,0,0,0,1,1,0,0,0,0,1,0,0,0,0,0,1,47.83,12,62.05,62.05,0.0,10,47.83,119.88,2937,2
0.9983,0,0,0,0,0,0,46,1,0,1,0,0,1,1,1,0,1,1,1,1,1,0,1,0,1,1,0,0,43.04,71,105.2,4822.85,0.0,0,1979.84,6802.6900000000005,3322,2
0.0085,0,1,0,0,1,6,53,1,1,1,0,0,1,0,1,0,1,0,1,1,1,0,1,0,0,1,0,0,32.94,17,97.75,5043.2,0.0,0,1745.82,6789.02,4488,3
0.0001,0,1,0,0,1,5,7,0,0,1,1,0,0,1,1,1,0,0,0,0,1,0,0,1,0,0,1,0,0.0,58,38.55,280.0,0.0,0,0.0,280.0,3345,4
0.9993,1,0,0,0,0,0,10,1,0,1,0,0,1,0,1,0,0,0,0,0,0,1,0,0,1,1,0,0,5.46,24,72.85,688.65,0.0,30,54.6,773.25,3189,1
0.0005,0,0,0,0,0,0,50,1,1,0,0,0,0,0,0,0,0,0,0,0,0,0,0,1,0,1,0,0,47.16,0,24.9,1195.25,0.0,0,2358.0,3553.25,4297,4
0.0006,0,1,1,1,1,3,12,1,0,0,0,0,0,0,0,0,0,0,0,0,0,1,0,0,1,0,1,0,24.65,0,20.1,232.4,0.0,0,295.79999999999995,528.1999999999999,2360,3
0.0075,0,1,0,0,0,0,2,1,0,1,0,0,1,1,0,0,1,0,0,0,1,1,0,0,1,1,0,0,26.58,23,80.15,194.55,0.0,0,53.16,247.71,5251,3
0.0003,0,0,1,3,0,0,40,0,0,1,1,0,0,1,1,0,1,0,0,0,1,0,1,0,0,0,1,0,0.0,57,40.25,1564.05,0.0,0,0.0,1564.05,4288,4
0.0011,0,1,0,0,1,4,51,1,0,1,1,0,0,1,1,0,1,0,0,0,1,0,1,0,1,1,0,0,47.18,12,60.5,3145.15,0.0,0,2406.18,5551.33,4207,3
0.7746,0,1,0,0,1,1,25,1,0,1,0,0,1,0,0,0,0,1,1,1,0,0,1,0,1,1,0,0,35.27,4,90.4,2178.6,0.0,140,881.7500000000001,3200.35,5801,3
0.0001,0,1,1,1,1,1,47,1,1,1,0,1,0,0,1,0,0,0,0,1,1,1,0,0,0,1,0,0,39.25,26,54.25,2538.2,0.0,0,1844.75,4382.95,2320,5
0.0003,0,1,1,1,1,4,20,0,0,1,1,0,0,1,0,1,1,0,0,0,1,0,0,1,1,0,1,0,0.0,22,39.4,825.4,0.0,0,0.0,825.4,3899,3
0.0002,0,0,1,1,0,0,25,1,0,1,0,1,0,0,1,0,1,0,0,0,1,0,1,0,1,0,1,0,39.9,27,54.75,1266.35,15.76,0,997.5,2248.09,5136,5
0.9993,1,1,0,0,1,1,11,1,0,0,0,0,0,0,0,0,0,0,0,0,0,1,0,0,0,0,0,1,29.54,0,19.95,214.75,0.0,0,324.94,539.69,5888,1
0.0188,1,0,0,0,0,0,65,0,0,1,1,0,0,0,1,1,0,1,1,0,1,0,0,1,1,1,0,0,0.0,9,53.5,3517.9,0.0,0,0.0,3517.9,5693,3
0.0005,0,0,0,0,0,0,4,1,0,0,0,0,0,0,0,0,0,0,0,0,0,1,0,0,1,0,1,0,34.86,0,19.95,59.25,0.0,0,139.44,198.69,3172,5
0.9997,1,1,0,0,1,1,3,1,1,1,0,0,1,0,1,1,0,1,1,0,1,1,0,0,1,1,0,0,41.3,2,105.9,334.65,0.0,0,123.9,458.5499999999999,2715,2
0.0003,0,0,0,0,0,0,50,1,0,1,0,0,1,0,1,0,1,1,1,1,1,0,0,1,1,0,1,0,15.1,9,100.2,5038.45,0.0,0,755.0,5793.45,5419,4
0.0001,0,1,0,0,1,7,54,1,1,1,0,0,1,1,1,1,1,1,1,1,1,0,1,0,1,0,1,0,11.4,26,114.65,6049.5,0.0,0,615.6,6665.1,4488,4
0.9983,0,0,0,0,0,0,1,1,0,1,1,0,0,0,0,0,0,0,0,1,1,1,0,0,0,0,1,0,48.03,73,45.05,45.05,0.0,0,48.03,93.08,4094,1
0.9995,1,0,0,0,0,0,15,1,0,1,0,0,1,0,1,0,0,0,0,0,1,1,0,0,1,1,0,0,29.11,29,74.4,1074.3,0.0,0,436.65,1510.9499999999998,4616,1
0.0253,0,1,0,0,1,1,42,1,1,1,0,0,1,1,0,0,0,1,1,1,0,0,1,0,0,1,0,0,13.23,23,97.1,4016.75,46.56,150,555.66,4675.85,2170,3
0.0002,0,0,0,0,0,0,32,1,0,0,0,0,0,0,0,0,0,0,0,0,0,0,1,0,0,1,0,0,43.8,0,19.75,624.15,0.0,0,1401.6,2025.75,4691,4
0.1425,0,0,0,0,0,0,1,1,0,0,0,0,0,0,0,0,0,0,0,0,0,1,0,0,0,0,1,0,29.33,0,19.75,19.75,0.0,0,29.33,49.08,4851,3
0.0025,0,0,0,0,0,0,54,1,0,1,0,1,0,1,1,0,0,1,0,0,1,0,0,1,1,1,0,0,18.74,16,65.3,3512.9,0.0,0,1011.96,4524.86,4556,3
0.0039,0,0,1,3,0,0,27,1,0,0,0,0,0,0,0,0,0,0,0,0,0,0,1,0,0,0,1,0,17.3,0,20.05,552.9,0.0,0,467.1,1020.0,2400,3
0.0,0,1,1,2,1,3,72,1,1,0,0,0,0,0,0,0,0,0,0,0,0,0,0,1,0,1,0,0,19.04,0,25.0,1738.9,0.0,0,1370.88,3109.78,4275,4
0.0005,0,1,0,0,1,4,70,1,1,1,0,0,1,0,1,1,1,1,1,1,1,0,0,1,1,1,0,0,28.54,23,110.5,7752.05,0.0,0,1997.8,9749.85,5979,4
0.9994,0,0,0,0,0,0,35,1,0,1,1,0,0,0,0,0,0,1,0,0,1,1,0,0,0,0,1,0,48.93,14,55.0,2010.55,0.0,0,1712.55,3723.1,2220,1
0.0,0,1,1,3,1,3,68,1,1,1,0,0,1,1,0,1,1,1,1,1,1,0,0,1,0,0,1,0,14.11,57,111.75,7511.3,0.0,0,959.48,8470.78,4967,4
0.0005,1,1,0,0,1,1,30,1,1,1,0,0,1,0,0,0,1,1,1,0,1,1,0,0,1,1,0,0,48.02,24,101.5,2917.65,0.0,0,1440.6,4358.25,4828,5
0.999,0,0,0,0,0,0,1,1,0,1,0,0,1,0,0,0,0,0,0,0,1,1,0,0,0,0,0,1,38.53,20,69.4,69.4,0.0,0,38.53,107.93,2847,1
0.0002,0,1,1,2,1,6,65,1,1,1,0,0,1,1,1,1,1,0,0,0,1,0,0,1,0,0,1,0,19.53,19,94.55,6078.75,0.0,0,1269.45,7348.2,4603,4
0.0001,0,0,0,0,0,0,48,1,0,1,0,1,0,0,1,1,1,1,1,1,1,0,0,1,0,0,1,0,3.59,10,78.9,3771.5,0.0,0,172.32,3943.82,4063,4
0.9993,1,0,0,0,0,0,16,1,1,1,0,0,1,0,0,0,0,1,0,0,1,1,0,0,1,1,0,0,17.51,7,84.75,1350.15,0.0,0,280.16,1630.3100000000002,5136,2
0.0,0,1,1,1,1,10,68,1,1,0,0,0,0,0,0,0,0,0,0,0,0,0,0,1,0,0,0,1,26.83,0,25.75,1686.15,0.0,0,1824.44,3510.59,5434,4
0.9996,0,0,0,0,0,0,7,1,1,1,0,0,1,0,0,0,0,0,1,1,1,1,0,0,1,1,0,0,30.61,59,86.8,620.35,0.0,0,214.27,834.62,3780,2
0.5499,0,1,0,0,1,1,53,1,0,1,0,0,1,0,1,0,0,1,1,1,1,0,1,0,1,1,0,0,15.77,9,94.25,4867.95,0.0,0,835.81,5703.76,5414,3
0.0001,0,1,1,3,1,10,71,1,1,1,1,0,0,1,1,1,1,1,1,1,1,0,0,1,1,0,1,0,41.71,20,90.55,6239.05,0.0,0,2961.41,9200.46,6009,4
0.0039,0,0,0,0,0,0,40,0,0,1,0,1,0,1,0,0,1,1,1,1,0,0,1,0,1,1,0,0,0.0,28,54.55,2236.2,11.48,40,0.0,2264.72,3533,3
0.765,1,1,0,0,1,1,50,1,1,1,0,0,1,0,1,1,0,1,0,0,0,1,0,0,1,1,0,0,31.56,4,95.05,4888.7,0.0,50,1578.0,6516.7,5863,3
0.9995,0,1,1,2,1,1,3,0,0,1,1,0,0,1,0,0,0,0,0,0,1,1,0,0,0,0,1,0,0.0,15,29.7,91.7,0.0,0,0.0,91.7,2613,1
0.0025,0,1,1,2,1,6,2,1,0,1,0,0,1,0,0,0,0,0,0,0,1,1,0,0,0,0,1,0,29.1,19,69.95,143.9,0.0,0,58.2,202.1,5010,3
0.0048,0,0,0,0,0,0,21,1,0,0,0,0,0,0,0,0,0,0,0,0,0,0,0,1,1,0,1,0,22.29,0,20.85,435.25,1.31,0,468.09,902.03,5422,3
0.0485,1,0,0,0,0,0,66,1,1,1,0,0,1,0,0,1,1,1,1,0,0,0,1,0,1,0,1,0,11.63,5,102.85,6976.75,0.0,60,767.58,7804.33,5569,3
0.0001,0,1,0,0,1,6,72,1,0,1,0,1,0,1,1,1,0,0,1,1,1,0,0,1,0,0,1,0,12.32,59,68.75,4888.2,0.0,0,887.04,5775.24,4505,3
0.0003,1,1,0,0,1,9,52,1,1,1,0,0,1,0,1,1,0,1,1,0,0,0,1,0,1,1,0,0,27.74,18,106.5,5621.85,0.0,90,1442.48,7154.33,4499,5
0.9733,1,0,0,0,0,0,1,1,1,1,0,0,1,0,0,0,0,0,0,0,1,1,0,0,1,1,0,0,39.88,19,73.65,73.65,0.0,0,39.88,113.53,5443,3
0.0057,0,0,0,0,0,0,33,1,0,0,0,0,0,0,0,0,0,0,0,0,0,0,0,1,0,0,1,0,14.48,0,20.35,689.75,0.0,0,477.84,1167.59,2507,3
0.109,0,0,0,0,0,0,27,1,1,1,1,0,0,0,0,0,0,0,0,0,1,1,0,0,0,0,0,1,2.69,15,49.0,1291.35,0.0,0,72.63,1363.98,5428,3
0.178,0,0,0,0,0,0,59,0,0,1,0,1,0,0,0,0,1,1,1,1,1,1,0,0,1,1,0,0,0.0,7,51.7,3005.8,0.0,0,0.0,3005.8,6107,3
0.0088,0,0,0,0,0,0,46,1,0,1,0,1,0,0,0,1,1,0,0,0,1,0,0,1,0,0,1,0,45.2,17,54.35,2460.15,0.0,0,2079.2000000000003,4539.35,2793,3
0.0003,0,0,0,0,0,0,17,1,0,0,0,0,0,0,0,0,0,0,0,0,0,0,1,0,1,0,1,0,31.6,0,20.1,279.5,0.0,0,537.2,816.7,2185,4
0.2152,0,1,0,0,0,0,51,0,0,1,0,1,0,0,1,0,0,1,1,1,1,1,0,0,1,1,0,0,0.0,42,49.65,2553.35,0.0,0,0.0,2553.35,5528,3
0.9991,0,0,0,0,0,0,62,1,1,1,0,0,1,1,1,0,1,0,1,1,0,0,1,0,0,1,0,0,8.08,21,102.0,6529.25,0.0,110,500.96,7140.21,5090,1
0.9983,0,0,0,0,0,0,46,1,1,1,0,0,1,1,1,0,0,0,1,1,1,1,0,0,1,1,0,0,15.78,3,93.7,4154.8,0.0,0,725.88,4880.68,3378,1
0.86,1,1,0,0,1,1,50,1,0,1,1,0,0,0,0,0,0,0,0,0,1,1,0,0,1,1,0,0,4.6,24,71.05,3444.85,0.0,0,230.0,3674.85,5746,3
0.0063,0,0,0,0,0,0,25,1,1,0,0,0,0,0,0,0,0,0,0,0,0,0,0,1,0,0,1,0,19.75,0,24.75,692.1,0.0,0,493.75,1185.85,4931,3
0.0003,0,1,0,0,1,1,37,1,0,0,0,0,0,0,0,0,0,0,0,0,0,1,0,0,0,1,0,0,45.19,0,19.5,805.2,0.0,0,1672.03,2477.23,3924,4
0.0014,0,0,0,0,0,0,69,1,1,1,0,1,0,1,1,1,1,1,1,1,1,0,0,1,0,0,1,0,47.43,22,90.65,6322.1,0.0,0,3272.67,9594.77,6487,3
0.0003,0,1,0,0,1,6,46,1,1,1,0,0,1,0,1,1,1,1,1,1,1,0,0,1,1,0,1,0,2.0,48,108.9,4854.3,0.0,0,92.0,4946.3,5119,5
0.0006,0,0,0,0,0,0,1,1,0,0,0,0,0,0,0,0,0,0,0,0,0,1,0,0,0,0,1,0,49.51,0,18.9,18.9,0.0,0,49.51,68.41,4480,4
0.9998,0,1,0,0,1,1,69,1,1,1,0,0,1,0,1,1,0,1,1,1,1,1,0,0,1,1,0,0,37.2,27,103.95,7446.9,0.0,0,2566.8,10013.7,4283,2
0.3924,0,1,1,2,1,1,5,1,0,1,0,0,1,0,0,0,0,0,0,0,1,1,0,0,0,0,1,0,1.38,16,69.95,320.4,0.0,0,6.9,327.29999999999995,3850,3
0.0001,0,1,1,3,1,5,69,1,0,1,1,0,0,1,1,0,1,1,1,1,1,0,0,1,0,1,0,0,40.36,53,80.65,5542.55,0.0,0,2784.84,8327.39,4618,3
0.9992,1,0,0,0,0,0,15,1,0,1,0,0,1,0,0,0,0,0,1,0,1,1,0,0,1,1,0,0,17.23,12,79.4,1156.1,0.0,0,258.45,1414.55,3621,1
0.0055,0,0,0,0,0,0,17,1,0,1,1,0,0,1,1,0,1,1,1,1,1,0,1,0,0,0,1,0,12.69,22,79.85,1387.35,0.0,0,215.73,1603.08,5574,3
0.0001,1,1,1,1,1,4,68,0,0,1,0,1,0,0,1,1,0,1,1,1,1,0,0,1,1,1,0,0,0.0,23,53.0,3656.25,0.0,0,0.0,3656.25,5583,4
0.0006,1,1,0,0,1,3,4,0,0,1,0,1,0,0,0,1,0,0,0,0,1,0,0,1,1,1,0,0,0.0,5,29.9,118.25,0.0,0,0.0,118.25,2914,4
0.0002,1,0,0,0,0,0,14,0,0,1,1,0,0,0,0,0,0,1,1,1,1,0,0,1,1,1,0,0,0.0,5,46.35,672.7,0.0,0,0.0,672.7,2056,4
0.0,0,1,1,1,1,5,69,1,0,1,0,1,0,0,1,1,1,0,0,0,1,0,1,0,0,1,0,0,14.48,19,59.1,4134.7,0.0,0,999.12,5133.82,5846,4
0.0006,0,1,0,0,1,9,70,1,0,1,0,0,1,1,1,1,1,0,1,1,1,0,0,1,0,0,1,0,41.05,59,101.0,7085.5,0.0,0,2873.5,9959.0,5025,3
0.9997,0,0,0,0,0,0,4,0,0,1,0,1,0,1,1,0,0,0,0,0,1,1,0,0,1,1,0,0,0.0,4,33.65,137.85,0.0,0,0.0,137.85,2563,2
0.0005,0,1,1,2,1,6,61,1,0,0,0,0,0,0,0,0,0,0,0,0,0,0,0,1,0,0,1,0,25.4,0,19.75,1311.6,0.0,0,1549.4,2861.0,6108,3
0.0006,0,0,0,0,0,0,34,0,0,1,1,0,0,0,0,0,0,0,0,0,1,1,0,0,1,1,0,0,0.0,28,25.05,852.7,0.0,0,0.0,852.7,3800,4
0.0009,0,0,0,0,0,0,12,1,0,0,0,0,0,0,0,0,0,0,0,0,0,1,0,0,0,0,1,0,8.82,0,20.1,223.6,0.0,0,105.84,329.44,5179,4
0.0002,0,1,1,2,1,4,44,1,1,1,0,0,1,0,1,1,0,0,1,1,0,0,1,0,0,1,0,0,24.71,27,94.4,4295.35,0.0,40,1087.24,5422.59,5019,5
0.0001,0,1,0,0,1,6,26,1,0,1,0,1,0,0,1,1,0,1,1,1,0,0,0,1,1,0,1,0,34.12,58,73.5,1905.7,17.03,70,887.1199999999999,2845.79,3596,5
0.0003,0,0,0,0,0,0,1,1,0,0,0,0,0,0,0,0,0,0,0,0,0,1,0,0,0,0,1,0,2.38,0,19.9,19.9,0.0,0,2.38,22.28,4050,4
0.1041,0,1,0,0,1,9,43,1,1,1,0,0,1,1,1,0,0,0,1,1,1,1,0,0,1,1,0,0,49.48,11,94.1,4107.3,0.0,0,2127.64,6234.9400000000005,4392,3
0.0009,0,0,0,0,0,0,39,1,1,1,0,0,1,0,0,0,0,0,0,0,1,1,0,0,1,0,1,0,8.69,24,73.15,2730.85,0.0,0,338.91,3069.76,3271,5
0.9997,0,0,0,0,0,0,2,1,1,1,0,0,1,0,0,0,0,0,0,0,1,1,0,0,1,1,0,0,41.37,28,75.55,166.3,0.0,0,82.74,249.04,4320,2
0.0405,1,0,0,0,0,0,1,1,0,1,0,1,0,0,0,0,0,0,0,0,1,0,0,1,0,1,0,0,49.34,15,45.2,45.2,0.0,0,49.34,94.54,4576,3
0.0014,0,1,0,0,1,1,37,1,1,1,0,1,0,1,0,1,1,0,0,0,1,0,1,0,0,0,1,0,30.36,11,68.1,2479.25,0.0,0,1123.32,3602.57,2873,4
0.0019,0,1,0,0,1,3,3,0,0,1,1,0,0,1,0,0,1,0,0,0,1,1,0,0,0,0,1,0,0.0,25,35.1,101.1,0.0,0,0.0,101.1,3610,3
0.1365,0,0,0,0,0,0,1,1,0,0,0,0,0,0,0,0,0,0,0,0,0,1,0,0,0,0,1,0,5.1,0,19.55,19.55,0.0,0,5.1,24.65,5750,3
0.0002,0,0,1,3,0,0,23,0,0,1,0,1,0,1,0,1,1,0,0,0,1,0,0,1,0,0,1,0,0.0,26,40.1,857.75,0.0,0,0.0,857.75,2327,4
0.002,0,1,1,3,1,5,6,1,0,0,0,0,0,0,0,0,0,0,0,0,0,1,0,0,0,0,1,0,36.54,0,19.55,122.9,0.0,0,219.24,342.14,3072,3
0.0002,0,0,0,0,0,0,72,1,0,0,0,0,0,0,0,0,0,0,0,0,0,0,0,1,0,1,0,0,45.75,0,19.3,1414.8,0.0,0,3294.0,4708.8,4722,4
0.0003,0,1,0,0,1,10,29,1,0,1,0,0,1,0,0,1,0,0,0,0,1,1,0,0,1,0,1,0,3.35,59,75.3,2263.4,0.0,0,97.15,2360.55,4910,4
0.0366,0,1,0,0,1,5,17,1,1,1,0,1,0,0,1,0,0,1,1,1,1,1,0,0,1,1,0,0,7.6,52,75.4,1322.55,0.0,0,129.2,1451.75,4852,3
0.0003,0,0,0,0,0,0,2,1,0,1,1,0,0,0,1,0,0,0,0,0,1,1,0,0,0,0,1,0,29.28,4,49.2,103.7,0.0,0,58.56,162.26,2342,5
0.9988,0,0,0,0,0,0,5,1,1,1,1,0,0,0,0,0,0,0,0,0,0,1,0,0,1,0,0,1,37.1,2,50.6,249.95,0.0,20,185.5,455.45,2353,2
0.0005,0,1,0,0,1,1,64,1,0,1,0,0,1,1,1,0,1,1,1,1,1,0,0,1,1,0,1,0,4.76,8,104.05,6605.55,0.0,0,304.64,6910.1900000000005,4337,4
0.9985,0,0,0,0,0,0,13,1,0,1,0,0,1,0,1,1,0,0,0,0,1,1,0,0,1,1,0,0,30.88,3,79.8,973.45,0.0,0,401.44,1374.89,5067,2
0.9994,0,1,0,0,1,1,33,1,0,1,0,0,1,1,0,1,1,1,1,1,0,0,1,0,1,1,0,0,15.66,24,103.75,3361.05,0.0,100,516.78,3977.83,3824,1
0.0049,0,1,0,0,1,7,44,1,1,0,0,0,0,0,0,0,0,0,0,0,0,0,1,0,0,1,0,0,32.22,0,24.85,1013.6,0.0,0,1417.6799999999998,2431.28,5331,3
0.0006,1,1,0,0,1,3,65,1,1,1,0,0,1,1,1,0,0,1,0,0,1,0,0,1,1,0,1,0,27.14,26,92.7,5968.4,0.0,0,1764.1,7732.5,5205,3
0.0509,0,1,0,0,1,3,51,1,1,1,0,0,1,0,1,1,0,1,1,1,0,0,1,0,1,1,0,0,29.4,21,106.8,5498.8,0.0,140,1499.4,7138.2,4640,3
0.0002,0,1,1,3,1,9,22,1,1,0,0,0,0,0,0,0,0,0,0,0,0,0,0,1,0,0,1,0,25.98,0,25.25,555.4,0.0,0,571.5600000000001,1126.96,4386,3
0.0001,0,1,0,0,1,8,38,1,0,0,0,0,0,0,0,0,0,0,0,0,0,0,0,1,0,1,0,0,6.97,0,20.4,743.5,0.0,0,264.86,1008.36,3756,5
0.8912,1,0,0,0,0,0,1,1,0,1,0,0,1,0,0,0,0,1,1,1,1,1,0,0,1,1,0,0,43.61,2,91.3,91.3,0.0,0,43.61,134.91,2371,3
0.0004,0,0,0,0,0,0,18,1,1,0,0,0,0,0,0,0,0,0,0,0,0,0,1,0,0,0,1,0,12.97,0,23.75,424.5,0.0,0,233.46,657.96,3076,4
0.0013,0,0,0,0,0,0,1,1,0,1,0,0,1,0,0,0,0,1,0,0,0,1,0,0,1,1,0,0,5.93,19,80.55,80.55,0.0,60,5.93,146.48000000000002,3154,4
0.0002,0,0,0,0,0,0,19,1,0,0,0,0,0,0,0,0,0,0,0,0,0,1,0,0,0,0,1,0,32.03,0,19.9,367.55,0.0,0,608.57,976.12,3245,5
0.0002,0,1,0,0,1,10,52,1,1,0,0,0,0,0,0,0,0,0,0,0,0,0,0,1,1,1,0,0,5.32,0,25.05,1270.25,0.0,0,276.64,1546.89,5674,4
0.0004,0,0,0,0,0,0,27,1,0,0,0,0,0,0,0,0,0,0,0,0,0,0,0,1,1,0,0,1,15.41,0,19.6,561.15,13.07,0,416.07,964.15,2896,5
0.0002,0,1,1,1,1,6,52,1,1,0,0,0,0,0,0,0,0,0,0,0,0,0,0,1,0,0,1,0,29.55,0,24.55,1331.05,0.0,0,1536.6,2867.65,5535,3
0.8936,0,0,0,0,0,0,1,1,0,1,0,0,1,0,0,1,0,0,0,0,0,1,0,0,1,0,0,1,22.16,47,74.6,74.6,0.0,10,22.16,106.76,3860,3
0.0003,0,0,0,0,0,0,19,1,0,1,1,0,0,0,0,0,0,0,1,1,1,1,0,0,1,1,0,0,40.22,22,56.2,1093.4,0.0,0,764.18,1857.58,3384,5
0.0067,0,0,0,0,0,0,25,1,0,1,0,0,1,1,0,1,1,1,1,1,1,1,0,0,1,1,0,0,10.4,48,105.5,2686.05,0.0,0,260.0,2946.05,5822,3
0.0001,0,0,0,0,0,0,31,1,0,1,0,0,1,0,0,1,1,1,1,1,1,0,0,1,0,1,0,0,10.05,14,99.45,3109.9,43.38,0,311.55,3378.07,2021,5
0.0,0,1,1,3,1,8,72,1,1,0,0,0,0,0,0,0,0,0,0,0,0,0,0,1,0,0,1,0,47.6,0,24.25,1784.5,49.76,0,3427.2000000000003,5161.9400000000005,5897,4
0.0001,0,1,0,0,1,4,71,1,0,1,0,1,0,1,0,1,1,1,1,1,1,0,0,1,0,1,0,0,6.23,58,81.85,5924.4,0.0,0,442.33,6366.73,4090,4
0.9998,0,1,0,0,1,1,5,1,0,1,1,0,0,1,0,1,0,0,1,1,1,1,0,0,1,0,0,1,41.57,27,88.9,454.15,0.0,0,207.85,662.0,4356,1
0.0044,0,1,0,0,1,8,36,1,0,1,0,0,1,0,0,0,0,0,1,1,1,1,0,0,0,1,0,0,49.33,23,80.4,2937.65,0.0,0,1775.88,4713.53,5544,3
0.0012,0,0,0,0,0,0,8,1,1,1,0,0,1,0,0,0,0,0,0,0,1,1,0,0,1,1,0,0,18.82,3,75.25,576.7,0.0,0,150.56,727.26,2332,4
0.0,0,1,1,2,1,6,70,1,1,1,1,0,0,1,1,1,1,1,0,0,1,0,0,1,0,1,0,0,4.11,16,80.7,5617.95,0.0,0,287.70000000000005,5905.65,4412,4
0.0016,0,1,1,3,0,0,47,1,0,1,0,1,0,0,1,0,1,0,1,1,0,0,0,1,0,1,0,0,30.06,57,63.8,3007.25,0.0,80,1412.82,4500.07,5144,3
0.0001,0,1,1,1,0,0,72,1,1,0,0,0,0,0,0,0,0,0,0,0,0,0,0,1,0,0,1,0,19.64,0,24.1,1734.65,0.0,0,1414.08,3148.73,4264,4
0.0002,0,1,0,0,1,3,10,1,0,0,0,0,0,0,0,0,0,0,0,0,0,0,1,0,0,1,0,0,39.35,0,19.6,189.45,0.0,0,393.5,582.95,3778,5
0.0197,0,1,1,3,1,1,70,0,0,1,1,0,0,0,1,1,1,1,1,1,1,0,1,0,0,1,0,0,0.0,47,60.35,4138.7,49.23,0,0.0,4089.47,4122,3
0.9996,0,0,0,0,0,0,2,1,1,1,0,0,1,0,0,0,0,0,0,0,1,1,0,0,1,1,0,0,26.87,52,75.9,143.35,0.0,0,53.74,197.09,2101,1
0.001,0,1,1,1,1,1,64,1,1,1,0,0,1,1,1,1,1,1,1,1,0,0,1,0,0,1,0,0,6.83,19,113.35,7222.75,0.0,20,437.12,7679.87,4952,3
0.0007,0,0,0,0,0,0,65,1,1,1,0,0,1,0,1,0,1,1,1,1,1,0,1,0,1,1,0,0,26.83,59,105.05,6744.25,0.0,0,1743.9499999999998,8488.2,5742,5
0.9988,0,0,0,0,0,0,25,1,0,1,0,0,1,0,0,0,0,0,0,0,0,1,0,0,0,0,1,0,24.91,18,70.95,1767.35,0.0,20,622.75,2410.1,4881,1
0.0007,0,0,0,0,0,0,37,1,0,1,0,0,1,0,1,1,0,0,0,0,1,0,1,0,0,1,0,0,9.61,11,80.05,3019.1,0.0,0,355.57,3374.67,3364,5
0.9998,0,0,0,0,0,0,5,1,1,1,1,0,0,0,0,0,0,0,0,1,1,1,0,0,0,1,0,0,22.01,85,47.15,223.15,0.0,0,110.05,333.20000000000005,2857,2
0.0,0,1,1,2,1,2,61,1,0,1,0,1,0,1,1,1,1,0,0,0,1,0,0,1,1,1,0,0,42.31,59,68.05,4158.25,0.0,0,2580.9100000000003,6739.16,4436,4
0.0051,0,1,0,0,1,8,64,1,0,0,0,0,0,0,0,0,0,0,0,0,0,0,0,1,0,0,1,0,19.98,0,19.45,1208.6,0.0,0,1278.72,2487.32,5628,3
0.0105,1,1,0,0,1,2,34,1,0,1,0,0,1,0,0,0,0,0,0,0,1,0,0,1,0,0,1,0,12.98,8,71.55,2427.35,0.0,0,441.32,2868.67,3583,3
0.0009,0,0,0,0,0,0,1,0,0,1,0,1,0,0,0,0,0,0,0,0,0,1,0,0,0,1,0,0,0.0,15,25.25,25.25,0.0,10,0.0,35.25,4831,5
0.0069,1,1,0,0,1,1,20,1,0,1,0,0,1,1,0,1,1,0,1,0,1,0,1,0,0,0,1,0,32.54,5,94.3,1818.3,0.0,0,650.8,2469.1,2574,3
0.9987,0,0,0,0,0,0,13,1,0,1,0,0,1,0,1,1,0,0,0,0,1,1,0,0,1,1,0,0,3.84,4,81.15,952.3,0.0,0,49.92,1002.22,4806,1
0.0722,0,0,0,0,0,0,66,1,1,1,0,0,1,0,1,0,0,0,1,1,0,1,0,0,0,0,1,0,48.78,8,89.4,5976.9,36.02,40,3219.48,9200.36,4889,3
0.0004,0,0,0,0,0,0,35,0,0,1,1,0,0,0,0,1,1,0,0,0,0,1,0,0,1,0,1,0,0.0,12,33.45,1175.85,0.0,30,0.0,1205.85,2553,5
0.0002,0,1,1,1,1,4,19,0,0,1,1,0,0,0,0,0,0,0,0,0,1,1,0,0,1,0,1,0,0.0,85,24.85,434.8,0.0,0,0.0,434.8,2958,5
0.0413,0,0,1,1,0,0,12,1,0,1,0,1,0,0,0,0,0,0,0,0,0,1,0,0,1,1,0,0,5.16,16,44.55,480.6,18.21,0,61.92,524.3100000000001,4162,3
0.9994,0,1,0,0,1,1,61,1,1,1,0,0,1,0,1,1,0,1,1,1,1,1,0,0,1,1,0,0,45.7,24,105.55,6281.45,0.0,0,2787.7000000000003,9069.15,5011,1
0.6527,0,0,0,0,0,0,5,1,1,1,0,0,1,0,1,1,0,1,1,1,1,1,0,0,0,1,0,0,44.65,30,105.3,550.6,0.0,0,223.25,773.85,4024,3
0.0002,0,0,1,1,0,0,11,0,0,1,0,1,0,1,0,0,1,0,0,0,0,0,1,0,1,0,1,0,0.0,17,36.05,402.6,0.0,100,0.0,502.6,4265,4
0.0006,0,0,0,0,0,0,11,1,0,1,0,1,0,0,0,1,1,0,0,0,1,0,1,0,0,1,0,0,7.42,17,53.8,651.55,0.0,0,81.62,733.17,5899,5
0.0,0,1,1,2,1,4,42,1,0,0,0,0,0,0,0,0,0,0,0,0,0,0,1,0,0,0,1,0,9.33,0,20.25,854.9,0.0,0,391.86,1246.76,4439,4
0.8485,0,1,0,0,1,1,31,1,0,1,0,0,1,0,1,0,0,0,1,1,1,1,0,0,1,1,0,0,12.03,9,83.85,2674.15,11.37,0,372.93,3035.71,4283,3
0.0006,0,1,0,0,1,6,72,1,1,1,0,0,1,1,1,1,1,1,1,1,1,0,0,1,1,0,1,0,23.27,3,114.1,8086.4,0.0,0,1675.44,9761.84,4965,3
0.1002,0,0,0,0,0,0,68,1,1,1,0,1,0,0,1,1,0,1,1,1,0,0,0,1,1,1,0,0,20.3,13,80.65,5330.2,0.0,90,1380.4,6800.6,5914,3
0.0052,0,0,1,1,0,0,39,1,1,1,0,0,1,0,0,0,1,1,1,1,1,0,0,1,0,0,1,0,14.72,85,100.55,3895.35,0.0,0,574.08,4469.43,3124,3
0.9997,0,1,0,0,1,1,3,1,0,1,1,0,0,0,0,1,0,0,0,0,1,1,0,0,1,1,0,0,13.54,51,50.15,168.15,0.0,0,40.62,208.77,3273,1
0.0006,0,0,0,0,0,0,18,1,1,1,0,0,1,0,0,0,0,0,0,0,1,1,0,0,1,1,0,0,11.36,13,74.15,1345.75,0.0,0,204.48,1550.23,5033,4
0.0096,0,1,0,0,1,4,35,1,0,1,0,0,1,0,0,0,0,0,0,0,0,1,0,0,1,1,0,0,10.43,4,70.3,2416.55,0.0,80,365.05,2861.6000000000004,5413,3
0.4621,1,0,0,0,0,0,56,1,1,1,0,0,1,0,1,1,0,1,1,0,1,0,1,0,1,1,0,0,34.58,4,104.75,5510.65,0.0,0,1936.48,7447.129999999999,5605,3
0.0003,0,0,1,1,0,0,34,1,1,1,0,0,1,1,1,0,0,1,1,1,1,0,1,0,1,1,0,0,4.28,16,103.8,3470.8,0.0,0,145.52,3616.32,5382,4
0.0003,0,1,0,0,1,1,37,0,0,1,0,1,0,1,0,0,1,1,0,0,1,0,0,1,0,1,0,0,0.0,27,45.4,1593.1,44.13,0,0.0,1548.9699999999998,4051,4
0.0174,0,0,0,0,0,0,24,1,1,0,0,0,0,0,0,0,0,0,0,0,0,0,1,0,0,1,0,0,47.33,0,24.6,592.65,0.0,0,1135.92,1728.5700000000002,5448,3
0.9998,0,1,0,0,1,1,5,1,1,1,0,0,1,0,1,0,0,0,0,0,0,1,0,0,1,1,0,0,1.16,7,78.75,412.1,0.0,10,5.8,427.9,3401,2
0.0004,0,0,0,0,0,0,2,1,0,1,1,0,0,1,0,1,0,0,0,0,1,1,0,0,0,1,0,0,12.59,76,53.45,119.5,0.0,0,25.18,144.68,3477,4
0.0006,1,0,0,0,0,0,43,1,1,1,0,0,1,0,0,0,0,1,0,0,1,0,0,1,1,1,0,0,8.81,7,84.85,3645.6,0.0,0,378.83,4024.43,4556,4
0.0002,0,0,0,0,0,0,72,1,0,1,0,0,1,1,1,1,1,1,1,1,1,0,0,1,1,1,0,0,41.91,73,109.9,7624.2,0.0,0,3017.5199999999995,10641.72,5234,4
0.0038,0,0,1,2,0,0,62,1,0,0,0,0,0,0,0,0,0,0,0,0,0,0,0,1,0,1,0,0,24.48,0,20.0,1250.1,0.0,0,1517.76,2767.86,4402,3
0.9993,1,0,0,0,0,0,46,1,1,1,0,0,1,1,1,1,0,1,1,1,1,0,1,0,1,1,0,0,2.37,20,110.0,4874.8,0.0,0,109.02,4983.820000000001,2403,1
